timestamp,open,high,low,close,adjusted close,volume,dividend amount
2019-04-15,31.2500,31.5600,31.1400,31.4200,31.4200,179131,0.0000
2019-04-12,30.5000,31.2600,30.0900,31.2500,31.2500,1054328,0.0000
2019-04-05,29.2000,30.7000,28.5450,30.6800,30.6800,1482068,0.0000
2019-03-29,27.3700,29.0000,26.8500,28.8600,28.8600,1205246,0.0000
2019-03-22,28.0600,29.1600,27.2900,27.3000,27.3000,1198470,0.0000
2019-03-15,28.4800,28.8000,27.2350,28.0300,28.0300,1277005,0.0000
2019-03-08,30.1200,30.2200,28.2500,28.3700,28.3700,1630493,0.0000
2019-03-01,28.0200,30.8300,27.8400,30.0900,30.0900,1403153,0.0000
2019-02-22,27.3500,28.0500,27.2450,28.0200,28.0200,891654,0.0000
2019-02-15,25.3500,27.4300,24.9700,27.3800,27.3800,1008165,0.0000
2019-02-08,26.0200,27.4500,25.1300,25.2600,25.2600,1186568,0.0000
2019-02-01,26.2100,26.5100,25.5700,26.0000,26.0000,1071877,0.0000
2019-01-25,26.8100,26.9200,25.8775,26.5900,26.5900,584813,0.0000
2019-01-18,27.3400,27.6900,25.9700,26.9300,26.9300,1435393,0.0000
2019-01-11,25.6300,27.7700,25.3300,27.4200,27.4200,1121608,0.0000
2019-01-04,24.0800,25.8500,23.5900,25.6300,25.6300,1620061,0.0000
2018-12-28,22.6300,24.2600,21.9100,24.0200,24.0200,982155,0.0000
2018-12-21,24.9700,25.3000,22.8000,22.8300,22.8300,1262437,0.0000
2018-12-14,24.6100,25.4500,24.0300,25.0000,25.0000,1626647,0.0000
2018-12-07,27.2500,27.2500,24.4800,24.6300,24.6300,1225567,0.0000
2018-11-30,27.4000,27.5300,25.7600,26.7500,26.7500,1736835,0.0000
2018-11-23,27.0300,27.7500,26.0800,27.2800,27.2800,1348398,0.0000
2018-11-16,25.8400,27.4200,25.7300,27.1600,27.1600,1547414,0.0000
2018-11-09,25.5900,26.1400,25.1000,25.8900,25.8900,1131708,0.0000
2018-11-02,23.4600,28.5000,23.4600,25.5100,25.5100,2338357,0.0000
2018-10-26,23.4100,24.3700,22.1700,22.5600,22.5600,1790247,0.0000
2018-10-19,24.7000,25.4900,23.2800,23.3600,23.3600,881547,0.0000
2018-10-12,27.9300,28.0300,24.6900,24.7300,24.7300,1669077,0.0000
2018-10-05,29.9800,29.9800,27.6900,28.0900,28.0900,1226879,0.0000
2018-09-28,29.5700,30.4050,28.4100,29.7200,29.7200,1897918,0.0000
2018-09-21,28.3800,30.1200,27.9600,29.7700,29.7700,1472785,0.0000
2018-09-14,28.6900,28.8150,27.5300,28.4300,28.4300,916135,0.0000
2018-09-07,29.8300,29.8300,28.0200,28.5400,28.5400,561774,0.0000
2018-08-31,30.6300,31.3600,29.3800,29.9300,29.9300,1046935,0.0000
2018-08-24,32.3700,33.0300,29.1300,30.5800,30.5800,1587331,0.0000
2018-08-17,31.3500,32.3779,30.8876,32.2200,32.2200,895175,0.0000
2018-08-10,30.8400,32.6500,30.7800,31.5100,31.5100,1121592,0.0000
2018-08-03,33.3200,35.0000,30.4400,31.0900,31.0900,1724886,0.0000
2018-07-27,33.6100,34.4900,32.1700,33.3700,33.3700,945366,0.0000
2018-07-20,34.5800,34.9899,33.6700,33.7200,33.7200,827539,0.0000
2018-07-13,36.1300,36.5400,33.7510,34.6500,34.6500,1059599,0.0000
2018-07-06,35.1100,36.3600,34.5600,35.7100,35.7100,1300761,0.0000
2018-06-29,37.2000,37.6900,34.5200,35.1400,35.1400,2557974,0.0000
2018-06-22,31.5900,37.1500,31.4900,37.1500,37.1500,3249449,0.0000
2018-06-15,31.2700,31.8600,30.3700,31.7400,31.7400,1114422,0.0000
2018-06-08,31.9500,31.9899,30.7071,31.3300,31.3300,1070640,0.0000
2018-06-01,31.0000,31.9800,30.1900,31.8900,31.8900,995358,0.0000
2018-05-25,31.5600,32.1800,30.4800,31.1700,31.1700,1209948,0.0000
2018-05-18,29.3300,31.9300,29.3300,31.3400,31.3400,2035374,0.0000
2018-05-11,27.3400,29.4934,27.1800,29.0800,29.0800,1252343,0.0000
2018-05-04,26.6000,28.2900,25.8742,27.1700,27.1700,1467788,0.0000
2018-04-27,28.4200,28.9600,26.1100,26.4600,26.4600,1466133,0.0000
2018-04-20,28.8500,29.4820,28.0623,28.2500,28.2500,1116666,0.0000
2018-04-13,28.9100,29.4100,28.3000,28.4600,28.4600,1328185,0.0000
2018-04-06,29.8200,30.1400,27.3045,28.8100,28.8100,2433669,0.0000
2018-03-29,27.6800,28.8500,26.8200,27.6000,27.6000,1210085,0.0000
2018-03-23,24.9500,30.3400,24.3300,26.8900,26.8900,2857359,0.0000
2018-03-16,25.4100,25.5099,24.5200,24.9300,24.9300,1053636,0.0000
2018-03-09,23.1600,25.4500,23.1600,25.3000,25.3000,950400,0.0000
2018-03-02,23.0100,23.8900,21.6800,23.2000,23.2000,1083077,0.0000
2018-02-23,22.5300,23.6200,22.2900,22.9800,22.9800,425854,0.0000
2018-02-16,22.8000,23.1400,22.0000,22.7500,22.7500,564276,0.0000
2018-02-09,23.6300,23.9700,21.9000,22.6300,22.6300,798493,0.0000
2018-02-02,24.9100,25.0500,23.7000,23.8000,23.8000,993837,0.0000
2018-01-26,26.0800,26.2150,24.3300,24.9600,24.9600,549842,0.0000
2018-01-19,24.2600,26.4650,24.2600,26.3500,26.3500,1086435,0.0000
2018-01-12,23.9400,24.4900,23.1600,24.1200,24.1200,921610,0.0000
2018-01-05,22.9600,24.4290,22.6200,24.0000,24.0000,1016753,0.0000
2017-12-29,23.7900,24.1000,22.8500,22.8600,22.8600,928668,0.0000
2017-12-22,24.7800,25.3350,23.7801,23.8200,23.8200,1545884,0.0000
2017-12-15,21.5100,25.0900,21.1700,23.7300,23.7300,2575804,0.0000
2017-12-08,22.1100,22.4900,20.9900,21.6000,21.6000,898105,0.0000
2017-12-01,22.4700,23.4700,21.5600,21.8800,21.8800,1122053,0.0000
2017-11-24,21.6400,23.1200,21.5800,22.4700,22.4700,1042856,0.0000
2017-11-17,21.5300,22.1400,20.7800,21.6300,21.6300,982892,0.0000
2017-11-10,22.3200,22.4700,21.1400,21.5800,21.5800,635046,0.0000
2017-11-03,22.0000,22.9900,20.6300,22.2300,22.2300,1188029,0.0000
2017-10-27,22.2500,22.8100,22.0400,22.2100,22.2100,583427,0.0000
2017-10-20,22.1100,22.7900,21.8200,22.2000,22.2000,828783,0.0000
2017-10-13,21.5000,22.1700,21.3800,22.0400,22.0400,869068,0.0000
2017-10-06,19.6800,22.3400,19.5500,21.3800,21.3800,1291980,0.0000
2017-09-29,18.7600,19.9800,18.6600,19.8100,19.8100,731884,0.0000
2017-09-22,18.1000,18.6800,17.6800,18.6200,18.6200,685918,0.0000
2017-09-15,16.7200,18.0500,16.6000,18.0100,18.0100,636228,0.0000
2017-09-08,16.7500,16.9500,16.2600,16.6100,16.6100,387332,0.0000
2017-09-01,16.2500,16.8500,15.9900,16.7600,16.7600,556540,0.0000
2017-08-25,16.2700,16.3500,15.9500,16.1700,16.1700,762019,0.0000
2017-08-18,16.5500,16.7500,15.8400,16.1900,16.1900,568575,0.0000
2017-08-11,16.9700,17.2600,16.1500,16.2900,16.2900,470635,0.0000
2017-08-04,15.3000,18.4000,15.0500,16.8400,16.8400,671536,0.0000
2017-07-28,15.5800,16.0800,15.2700,15.2800,15.2800,392847,0.0000
2017-07-21,15.4700,16.2300,15.4000,15.4800,15.4800,504233,0.0000
2017-07-14,15.1900,15.7400,14.9400,15.4400,15.4400,503111,0.0000
2017-07-07,15.4300,15.6700,14.7200,15.1900,15.1900,437796,0.0000
2017-06-30,14.7500,15.5700,14.7500,15.4100,15.4100,605817,0.0000
2017-06-23,14.6500,14.7300,14.1600,14.6700,14.6700,817149,0.0000
2017-06-16,15.0500,15.6200,14.4800,14.6200,14.6200,674518,0.0000
2017-06-09,15.8700,16.0700,15.0600,15.2400,15.2400,760477,0.0000
2017-06-02,15.5800,16.0400,15.1400,15.8600,15.8600,764423,0.0000
2017-05-26,16.1700,16.4500,15.4300,15.6800,15.6800,796270,0.0000
2017-05-19,17.3500,17.7200,16.0300,16.2900,16.2900,1086746,0.0000
2017-05-12,18.1200,18.5100,17.2700,17.3700,17.3700,1246702,0.0000
2017-05-05,19.7300,20.8200,17.6900,18.2700,18.2700,1410185,0.0000
2017-04-28,18.7100,19.8000,18.5900,19.6100,19.6100,1091524,0.0000
2017-04-21,17.2300,18.5400,17.0700,18.3800,18.3800,950521,0.0000
2017-04-13,17.4500,17.6100,17.1400,17.1700,17.1700,756225,0.0000
2017-04-07,18.1400,18.3000,17.1800,17.4500,17.4500,1102212,0.0000
2017-03-31,18.0100,18.6900,17.7700,18.1400,18.1400,1095456,0.0000
2017-03-24,18.8700,19.0500,17.9200,18.2100,18.2100,825229,0.0000
2017-03-17,18.6500,19.5000,18.6500,18.9000,18.9000,758966,0.0000
2017-03-10,18.8000,19.1200,18.1800,18.6500,18.6500,643844,0.0000
2017-03-03,16.8700,19.4400,16.6700,19.0000,19.0000,611019,0.0000
2017-02-24,17.4900,17.5400,16.4500,16.9200,16.9200,228675,0.0000
2017-02-17,17.2500,17.4100,16.6600,17.3900,17.3900,368530,0.0000
2017-02-10,16.5800,17.1100,16.2800,17.0800,17.0800,389513,0.0000
2017-02-03,16.6800,17.2400,16.1400,16.6300,16.6300,618053,0.0000
2017-01-27,16.7100,17.0900,16.6200,16.8700,16.8700,650982,0.0000
2017-01-20,17.2600,17.3800,16.6560,16.8100,16.8100,488124,0.0000
2017-01-13,17.6600,18.0400,17.0000,17.4300,17.4300,415174,0.0000
2017-01-06,17.6400,18.0800,17.3700,17.7600,17.7600,373797,0.0000
2016-12-30,17.7600,18.0900,17.4900,17.6900,17.6900,350072,0.0000
2016-12-23,17.7900,18.5900,17.5800,17.7600,17.7600,868832,0.0000
2016-12-16,17.8500,18.5900,17.6800,17.8000,17.8000,734586,0.0000
2016-12-09,16.0500,18.2500,16.0500,17.9000,17.9000,686639,0.0000
2016-12-02,16.0000,16.2800,15.7100,15.8600,15.8600,839919,0.0000
2016-11-25,16.0000,16.2900,15.7850,16.0000,16.0000,592238,0.0000
2016-11-18,15.8400,16.6300,15.7700,16.0500,16.0500,809489,0.0000
2016-11-11,14.7900,15.9500,14.2700,15.8000,15.8000,873187,0.0000
2016-11-04,14.5500,14.9900,14.2800,14.6900,14.6900,1252242,0.0000
2016-10-28,18.1400,18.4700,13.4200,14.5500,14.5500,2526128,0.0000
2016-10-21,17.7900,18.3600,17.5500,18.0100,18.0100,747438,0.0000
2016-10-14,18.1200,18.5000,17.6700,17.8800,17.8800,688429,0.0000
2016-10-07,18.4300,18.6200,17.9600,18.1300,18.1300,918905,0.0000
2016-09-30,18.6200,19.0000,18.0700,18.4000,18.4000,1230742,0.0000
2016-09-23,18.5000,19.2000,18.0800,18.8800,18.8800,1367976,0.0000
2016-09-16,17.3300,18.3950,17.2700,18.3200,18.3200,881924,0.0000
2016-09-09,17.8600,18.4400,17.6000,17.6100,17.6100,605172,0.0000
2016-09-02,17.8900,18.4800,17.1350,17.7000,17.7000,1196820,0.0000
2016-08-26,16.9600,18.0200,16.7455,17.8100,17.8100,1071305,0.0000
2016-08-19,17.2200,17.5490,16.8300,16.9200,16.9200,666457,0.0000
2016-08-12,17.7500,17.8400,17.1700,17.3000,17.3000,843388,0.0000
2016-08-05,16.6500,18.2700,16.4008,17.5500,17.5500,1696201,0.0000
2016-07-29,16.3500,17.3800,16.3400,16.6800,16.6800,1430208,0.0000
2016-07-22,15.6700,16.5300,15.6500,16.3700,16.3700,1195068,0.0000
2016-07-15,15.8600,16.0800,15.1100,15.7400,15.7400,1537442,0.0000
2016-07-08,15.2100,15.7400,14.8400,15.7000,15.7000,558277,0.0000
2016-07-01,14.6500,15.5900,14.0100,15.3800,15.3800,1292981,0.0000
2016-06-24,16.2500,16.5550,14.8400,15.0300,15.0300,1056761,0.0000
2016-06-17,16.1600,16.1600,15.5000,15.9100,15.9100,984310,0.0000
2016-06-10,16.2300,16.5727,16.0800,16.2600,16.2600,835612,0.0000
2016-06-03,16.2500,16.9500,15.8100,16.2300,16.2300,1376769,0.0000
2016-05-27,15.1100,16.9900,14.9300,16.7700,16.7700,1755036,0.0000
2016-05-20,14.5400,15.7500,14.5400,15.0000,15.0000,1543708,0.0000
2016-05-13,14.4900,15.1400,14.0200,14.3500,14.3500,1213164,0.0000
2016-05-06,14.3500,15.5000,13.5700,14.4300,14.4300,767877,0.0000
2016-04-29,14.5400,15.0800,14.0750,14.2600,14.2600,421144,0.0000
2016-04-22,14.2000,14.7700,14.1500,14.6100,14.6100,235730,0.0000
2016-04-15,14.0600,14.7300,13.8900,14.3100,14.3100,269781,0.0000
2016-04-08,14.7100,14.7700,13.7600,13.9100,13.9100,352716,0.0000
2016-04-01,14.5900,14.9100,14.3100,14.7400,14.7400,564942,0.0000
2016-03-24,14.7400,14.9900,14.1400,14.5900,14.5900,779035,0.0000
2016-03-18,14.0000,15.1700,13.9650,14.6400,14.6400,762173,0.0000
2016-03-11,13.1700,14.3300,13.1700,14.0800,14.0800,406557,0.0000
2016-03-04,12.0100,13.6800,11.6900,13.1900,13.1900,715997,0.0000
2016-02-26,11.9400,12.4200,11.4600,12.0200,12.0200,284639,0.0000
2016-02-19,12.1100,12.5900,11.9200,11.9900,11.9900,233281,0.0000
2016-02-12,11.0100,12.0000,11.0100,11.9300,11.9300,476691,0.0000
2016-02-05,11.2000,11.4700,10.8700,11.1100,11.1100,491488,0.0000
2016-01-29,11.2500,11.3400,10.5100,11.3100,11.3100,337954,0.0000
2016-01-22,11.4300,11.6800,10.6600,11.3200,11.3200,363047,0.0000
2016-01-15,12.2500,12.3500,10.9100,11.2600,11.2600,628941,0.0000
2016-01-08,14.1000,14.3700,11.9540,12.1000,12.1000,916020,0.0000
2015-12-31,15.3400,15.3400,14.4161,14.8000,14.8000,461388,0.0000
2015-12-24,14.2500,15.7400,13.6650,15.3200,15.3200,388962,0.0000
2015-12-18,13.8200,14.3700,13.6150,14.1600,14.1600,478833,0.0000
2015-12-11,14.4100,14.8899,13.7200,13.7600,13.7600,507582,0.0000
2015-12-04,14.9800,14.9900,14.3400,14.4200,14.4200,399490,0.0000
2015-11-27,13.5600,14.8700,13.2800,14.7500,14.7500,353266,0.0000
2015-11-20,12.8500,13.7499,12.7667,13.6800,13.6800,462308,0.0000
2015-11-13,13.9400,13.9400,12.8600,12.8900,12.8900,378676,0.0000
2015-11-06,12.8900,13.9100,12.6000,13.7800,13.7800,877892,0.0000
2015-10-30,12.7500,13.0000,11.8600,12.6900,12.6900,246301,0.0000
2015-10-23,12.1400,12.9700,11.7980,12.8000,12.8000,336859,0.0000
2015-10-16,12.5100,12.6900,12.0100,12.2200,12.2200,255841,0.0000
2015-10-09,12.1500,12.7500,12.1500,12.5400,12.5400,436222,0.0000
2015-10-02,11.0600,12.5900,11.0600,12.1500,12.1500,466676,0.0000
2015-09-25,11.9500,12.2700,10.7100,10.8000,10.8000,407330,0.0000
2015-09-18,11.8600,12.7100,11.8000,11.9400,11.9400,454815,0.0000
2015-09-11,12.5500,12.6900,11.8100,11.8700,11.8700,182285,0.0000
2015-09-04,12.1200,12.5000,11.7500,12.2400,12.2400,327312,0.0000
2015-08-28,12.5400,13.0000,11.9000,12.2300,12.2300,801612,0.0000
2015-08-21,12.1700,13.1200,12.1300,12.8600,12.8600,608123,0.0000
2015-08-14,12.1300,12.7500,11.3601,12.2300,12.2300,1130338,0.0000
2015-08-07,12.1500,12.8900,11.9300,12.1300,12.1300,636585,0.0000
2015-07-31,10.6700,12.2000,10.1800,12.1700,12.1700,331062,0.0000
2015-07-24,11.5100,11.5100,10.7400,10.8000,10.8000,239510,0.0000
2015-07-17,11.9900,12.0700,11.3700,11.5400,11.5400,287036,0.0000
2015-07-10,11.9200,12.0200,11.3200,11.8800,11.8800,253049,0.0000
2015-07-02,12.1700,12.2000,11.6100,12.0300,12.0300,227294,0.0000
2015-06-26,12.5000,12.5520,12.0500,12.2500,12.2500,421817,0.0000
2015-06-19,13.0900,13.1500,12.1550,12.4600,12.4600,354768,0.0000
2015-06-12,12.4800,13.2300,12.2900,13.1600,13.1600,328155,0.0000
2015-06-05,12.0000,12.8600,11.8000,12.5200,12.5200,237532,0.0000
2015-05-29,11.9600,12.1000,11.4700,11.9300,11.9300,320189,0.0000
2015-05-22,12.2400,12.6200,11.8900,12.0200,12.0200,301341,0.0000
2015-05-15,11.6900,12.2200,11.3200,12.1800,12.1800,421247,0.0000
2015-05-08,12.1300,12.3400,11.5100,11.6800,11.6800,248224,0.0000
2015-05-01,11.9600,12.4900,11.6900,12.1500,12.1500,244690,0.0000
2015-04-24,11.3900,11.9900,11.3900,11.8800,11.8800,82791,0.0000
2015-04-17,11.7600,12.0000,11.3100,11.3500,11.3500,125938,0.0000
2015-04-10,11.7400,11.9900,11.2900,11.7400,11.7400,234030,0.0000
2015-04-02,11.2800,11.9900,11.1200,11.8400,11.8400,202060,0.0000
2015-03-27,11.7600,11.9800,10.9800,11.2700,11.2700,193341,0.0000
2015-03-20,11.3400,11.8800,11.1700,11.7400,11.7400,204672,0.0000
2015-03-13,11.0100,11.3800,10.8300,11.3200,11.3200,199427,0.0000
2015-03-06,11.5100,11.6500,10.8600,11.0300,11.0300,348384,0.0000
2015-02-27,11.7800,11.8200,11.2100,11.5500,11.5500,303574,0.0000
2015-02-20,12.2500,12.3500,11.8300,11.8400,11.8400,152972,0.0000
2015-02-13,12.7100,12.9000,12.0100,12.1300,12.1300,329950,0.0000
2015-02-06,12.7000,13.0850,12.5000,12.8300,12.8300,297652,0.0000
2015-01-30,12.8400,13.2600,12.6100,12.6200,12.6200,321641,0.0000
2015-01-23,12.5400,12.9100,11.9700,12.8200,12.8200,278622,0.0000
2015-01-16,12.1700,12.6100,11.7600,12.6000,12.6000,200472,0.0000
2015-01-09,12.8400,12.9900,12.1000,12.1900,12.1900,289509,0.0000
2015-01-02,12.7200,13.0600,12.4400,12.9600,12.9600,292259,0.0000
2014-12-26,12.0300,12.7800,12.0300,12.6300,12.6300,128256,0.0000
2014-12-19,11.2400,12.3900,10.9800,12.0900,12.0900,591704,0.0000
2014-12-12,11.7500,11.9100,10.9800,11.1500,11.1500,376680,0.0000
2014-12-05,10.8500,11.8800,10.7500,11.7700,11.7700,328595,0.0000
2014-11-28,11.0400,11.5400,10.8400,10.8600,10.8600,207268,0.0000
2014-11-21,11.6800,11.8100,10.8300,11.0000,11.0000,410874,0.0000
2014-11-14,11.7700,12.1000,11.4800,11.7200,11.7200,711731,0.0000
2014-11-07,12.9800,13.2400,11.1000,11.7500,11.7500,706357,0.0000
2014-10-31,11.4500,13.4000,11.2400,12.9900,12.9900,528396,0.0000
2014-10-24,11.3300,11.8300,11.2500,11.5300,11.5300,258872,0.0000
2014-10-17,10.9400,11.7700,10.4600,11.3500,11.3500,584459,0.0000
2014-10-10,11.4500,11.6500,10.7600,10.8900,10.8900,470639,0.0000
2014-10-03,12.0800,12.0900,10.8910,11.3500,11.3500,467065,0.0000
2014-09-26,12.4700,12.5400,11.7200,12.2200,12.2200,498669,0.0000
2014-09-19,12.6100,13.0700,12.3500,12.5300,12.5300,594500,0.0000
2014-09-12,12.6500,13.0600,12.3002,12.5400,12.5400,424900,0.0000
2014-09-05,12.5200,12.8500,12.3000,12.6600,12.6600,401600,0.0000
2014-08-29,11.6200,12.5800,11.5000,12.4600,12.4600,417900,0.0000
2014-08-22,11.5000,11.9800,11.3700,11.5100,11.5100,347000,0.0000
2014-08-15,11.1200,11.4600,10.6090,11.3600,11.3600,631400,0.0000
2014-08-08,10.9100,11.7600,10.8420,11.7000,11.7000,368700,0.0000
2014-08-01,11.0600,11.1800,10.7700,10.8600,10.8600,443200,0.0000
2014-07-25,11.0300,11.1900,10.8601,11.0500,11.0500,384000,0.0000
2014-07-18,10.7200,11.1700,10.6800,11.1000,11.1000,365200,0.0000
2014-07-11,11.0800,11.1000,10.4000,10.6500,10.6500,483800,0.0000
2014-07-03,10.6600,11.2100,10.6100,11.1300,11.1300,590500,0.0000
2014-06-27,11.0200,11.0400,10.2000,10.7000,10.7000,829700,0.0000
2014-06-20,10.6600,11.2430,10.4000,11.0200,11.0200,815700,0.0000
2014-06-13,10.6700,11.0400,10.2600,10.7000,10.7000,446500,0.0000
2014-06-06,9.6100,10.9400,9.5100,10.7200,10.7200,1778500,0.0000
2014-05-30,10.3700,10.3700,9.3500,9.6100,9.6100,492800,0.0000
2014-05-23,8.8000,10.3500,8.6800,10.2200,10.2200,1270200,0.0000
2014-05-16,10.1100,10.4600,8.6900,8.8000,8.8000,683900,0.0000
2014-05-09,10.3200,10.9500,10.0000,10.1000,10.1000,756000,0.0000
2014-05-02,10.6200,10.7700,10.2600,10.4000,10.4000,357100,0.0000
2014-04-25,11.3100,11.5800,10.5500,10.5900,10.5900,363200,0.0000
2014-04-17,10.5600,11.3800,10.3850,11.2600,11.2600,285900,0.0000
2014-04-11,10.6900,10.7900,10.0600,10.4500,10.4500,633000,0.0000
2014-04-04,11.0700,11.6200,10.6200,10.7500,10.7500,820900,0.0000
2014-03-28,11.7100,11.8590,10.9500,11.0100,11.0100,971200,0.0000
2014-03-21,11.3500,11.8800,11.3300,11.6900,11.6900,558900,0.0000
2014-03-14,11.7300,12.1000,10.9813,11.2900,11.2900,752200,0.0000
2014-03-07,10.9200,11.8100,10.7700,11.7900,11.7900,620800,0.0000
2014-02-28,10.5600,11.2699,10.5200,11.0100,11.0100,588800,0.0000
2014-02-21,10.1800,10.6400,10.1000,10.5700,10.5700,491200,0.0000
2014-02-14,9.8200,10.3300,9.4900,10.1500,10.1500,965500,0.0000
2014-02-07,11.4000,11.4000,9.6500,9.8500,9.8500,1239200,0.0000
2014-01-31,10.9900,11.4500,10.7100,11.3800,11.3800,803800,0.0000
2014-01-24,11.7800,11.7800,10.8300,11.0100,11.0100,418700,0.0000
2014-01-17,12.0100,12.0400,11.5300,11.6800,11.6800,410800,0.0000
2014-01-10,12.7600,12.8100,11.7900,12.0000,12.0000,646400,0.0000
2014-01-03,13.0200,13.1300,12.2100,12.7600,12.7600,452300,0.0000
2013-12-27,12.9000,13.5100,12.8900,13.0800,13.0800,221300,0.0000
2013-12-20,12.2000,13.0700,12.1400,12.8600,12.8600,697500,0.0000
2013-12-13,12.4600,12.5900,11.9900,12.1000,12.1000,596400,0.0000
2013-12-06,12.8800,12.9500,12.2500,12.4200,12.4200,602100,0.0000
2013-11-29,12.7600,12.9400,12.3300,12.9100,12.9100,397500,0.0000
2013-11-22,12.3200,12.8200,12.0400,12.7400,12.7400,715300,0.0000
2013-11-15,11.8300,12.7100,11.7600,12.3200,12.3200,753900,0.0000
2013-11-08,12.1600,12.4500,11.8800,11.9000,11.9000,1220200,0.0000
2013-11-01,13.0300,13.1100,11.9700,12.1600,12.1600,1659500,0.0000
2013-10-25,13.0500,13.2400,12.6700,13.0300,13.0300,959100,0.0000
2013-10-18,12.1600,13.0400,11.9300,13.0200,13.0200,1226300,0.0000
2013-10-11,11.2300,12.3300,11.0600,12.2600,12.2600,1214900,0.0000
2013-10-04,10.9100,11.3900,10.7500,11.3800,11.3800,761900,0.0000
2013-09-27,11.3300,11.6100,11.0000,11.1200,11.1200,626500,0.0000
2013-09-20,11.6900,11.8100,11.3600,11.4000,11.4000,783000,0.0000
2013-09-13,12.5000,12.5100,11.3401,11.4900,11.4900,1324900,0.0000
2013-09-06,12.6300,12.9200,12.1700,12.4900,12.4900,623400,0.0000
2013-08-30,12.8400,13.3750,12.3700,12.4400,12.4400,827600,0.0000
2013-08-23,12.7500,13.0400,12.4700,12.8500,12.8500,870200,0.0000
2013-08-16,13.0000,13.6300,12.7600,12.8400,12.8400,830200,0.0000
2013-08-09,13.1700,13.3500,12.5910,13.0600,13.0600,802200,0.0000
2013-08-02,12.0300,13.2400,11.8500,13.1700,13.1700,1495500,0.0000
2013-07-26,12.5300,12.5900,12.0950,12.1400,12.1400,705600,0.0000
2013-07-19,12.6300,12.9000,12.4100,12.5300,12.5300,1217700,0.0000
2013-07-12,12.6200,12.9300,12.4160,12.8400,12.8400,1392100,0.0000
2013-07-05,11.6400,12.6000,11.6400,12.4900,12.4900,1870300,0.0000
2013-06-28,10.6400,11.6700,10.0800,11.6400,11.6400,2965100,0.0000
2013-06-21,11.8000,12.2700,10.6700,10.7800,10.7800,2157700,0.0000
2013-06-14,11.3000,11.7200,10.4400,11.6700,11.6700,1562300,0.0000
2013-06-07,11.3000,11.4500,10.8200,11.2500,11.2500,1586900,0.0000
2013-05-31,10.8700,11.4600,10.8600,11.2100,11.2100,1240000,0.0000
2013-05-24,10.2400,10.7600,10.0000,10.7600,10.7600,1886700,0.0000
2013-05-17,9.0800,10.4400,9.0500,10.1800,10.1800,1993400,0.0000
2013-05-10,7.7000,9.2700,7.6300,9.0500,9.0500,1197900,0.0000
2013-05-03,7.2700,7.7200,7.1300,7.6300,7.6300,588500,0.0000
2013-04-26,7.0800,7.5200,6.7900,7.2500,7.2500,514100,0.0000
2013-04-19,7.1800,7.2800,6.5900,7.0500,7.0500,483700,0.0000
2013-04-12,7.3200,7.4800,7.1700,7.2800,7.2800,462800,0.0000
2013-04-05,7.6100,7.6300,7.0700,7.3000,7.3000,613500,0.0000
2013-03-28,7.8700,7.9000,7.5000,7.6300,7.6300,252600,0.0000
2013-03-22,7.8700,8.0300,7.5500,7.8500,7.8500,518500,0.0000
2013-03-15,7.3200,8.0500,7.3200,8.0300,8.0300,1157000,0.0000
2013-03-08,6.5300,7.4500,6.2900,7.3500,7.3500,1378400,0.0000
2013-03-01,6.5800,6.7200,6.1500,6.3900,6.3900,423700,0.0000
2013-02-22,6.2900,6.7300,6.1800,6.5000,6.5000,398200,0.0000
2013-02-15,6.5900,6.6600,6.2700,6.2900,6.2900,420000,0.0000
2013-02-08,6.2800,6.6900,6.0200,6.6100,6.6100,553400,0.0000
2013-02-01,6.2200,6.4300,6.1700,6.3900,6.3900,682000,0.0000
2013-01-25,5.9300,6.2300,5.8200,6.2200,6.2200,599500,0.0000
2013-01-18,5.8200,5.9400,5.6500,5.9100,5.9100,894100,0.0000
2013-01-11,5.4500,5.8100,5.4500,5.7800,5.7800,838100,0.0000
2013-01-04,4.9100,5.6700,4.9100,5.5200,5.5200,648700,0.0000
2012-12-28,5.0700,5.2800,4.8407,4.8700,4.8700,410700,0.0000
2012-12-21,5.1500,5.3400,4.8900,5.1300,5.1300,752800,0.0000
2012-12-14,4.9300,5.3600,4.9000,5.1600,5.1600,573500,0.0000
2012-12-07,5.0000,5.0200,4.5700,4.9000,4.9000,434700,0.0000
2012-11-30,4.8500,5.2200,4.8300,4.9300,4.9300,530500,0.0000
2012-11-23,4.7100,4.8300,4.5100,4.8200,4.8200,181800,0.0000
2012-11-16,4.9500,5.0400,4.5500,4.6100,4.6100,431200,0.0000
2012-11-09,4.9700,5.1000,4.7400,4.9000,4.9000,366100,0.0000
2012-11-02,5.0100,5.2100,4.9100,5.0300,5.0300,496900,0.0000
2012-10-26,4.7300,5.0500,4.6000,5.0000,5.0000,651800,0.0000
2012-10-19,4.9900,5.0200,4.7100,4.7500,4.7500,361200,0.0000
2012-10-12,5.0100,5.1200,4.8800,4.9700,4.9700,573500,0.0000
2012-10-05,4.9100,5.2784,4.6400,5.0400,5.0400,1080700,0.0000
2012-09-28,5.5000,5.5500,4.4500,4.9700,4.9700,1724300,0.0000
2012-09-21,6.6200,6.6500,5.7600,5.9500,5.9500,803400,0.0000
2012-09-14,6.8300,6.9100,6.5601,6.6500,6.6500,324400,0.0000
2012-09-07,6.3200,6.8960,6.2400,6.8500,6.8500,238000,0.0000
2012-08-31,6.5000,6.5900,6.2100,6.3200,6.3200,258100,0.0000
2012-08-24,6.6300,6.9400,6.3000,6.4400,6.4400,298800,0.0000
2012-08-17,6.5400,6.9600,6.2500,6.6800,6.6800,477600,0.0000
2012-08-10,6.0500,6.3600,5.6300,6.1700,6.1700,464500,0.0000
2012-08-03,6.2100,6.5500,5.5600,6.0700,6.0700,517300,0.0000
2012-07-27,5.9800,6.2700,5.6601,6.2400,6.2400,435400,0.0000
2012-07-20,6.6200,6.7500,6.1200,6.1300,6.1300,274500,0.0000
2012-07-13,6.8500,6.9240,6.2100,6.6300,6.6300,470800,0.0000
2012-07-06,6.8200,7.0300,6.6900,6.8400,6.8400,348400,0.0000
2012-06-29,6.3400,6.9400,6.2200,6.8100,6.8100,619400,0.0000
2012-06-22,6.9800,7.1600,6.2500,6.4900,6.4900,1631500,0.0000
2012-06-15,7.2300,7.3200,6.7800,7.0700,7.0700,658900,0.0000
2012-06-08,6.7500,7.4300,6.2100,7.1400,7.1400,473400,0.0000
2012-06-01,7.2100,7.3200,6.6700,6.6900,6.6900,431900,0.0000
2012-05-25,7.4700,8.0700,6.8900,7.0900,7.0900,594500,0.0000
2012-05-18,8.3100,8.5100,7.4000,7.4600,7.4600,664100,0.0000
2012-05-11,8.9000,9.1300,8.3800,8.4700,8.4700,358000,0.0000
2012-05-04,8.9300,9.8100,8.5400,8.9600,8.9600,693300,0.0000
2012-04-27,8.0100,9.0000,7.7200,8.9600,8.9600,566000,0.0000
2012-04-20,8.7700,9.1100,8.1000,8.2300,8.2300,461300,0.0000
2012-04-13,9.3600,9.5300,8.7200,8.7300,8.7300,700300,0.0000
2012-04-05,9.8800,10.1500,9.3100,9.6600,9.6600,452200,0.0000
2012-03-30,10.1400,10.8900,9.8900,9.8900,9.8900,718700,0.0000
2012-03-23,10.5400,10.8700,9.9000,10.0000,10.0000,733700,0.0000
2012-03-16,10.1800,10.8100,10.0300,10.6000,10.6000,645900,0.0000
2012-03-09,10.0200,10.2900,9.6700,10.2000,10.2000,775300,0.0000
2012-03-02,9.8400,10.2200,9.4100,10.1000,10.1000,835400,0.0000
2012-02-24,9.9500,10.2300,9.7500,9.9800,9.9800,556400,0.0000
2012-02-17,10.2000,10.7200,9.0800,9.9300,9.9300,1213800,0.0000
2012-02-10,10.3200,10.8590,10.1800,10.3000,10.3000,457200,0.0000
2012-02-03,9.4100,10.6300,9.1200,10.4500,10.4500,881200,0.0000
2012-01-27,9.1600,9.6500,8.8800,9.5900,9.5900,474700,0.0000
2012-01-20,9.5700,9.7300,8.9200,9.1900,9.1900,464500,0.0000
2012-01-13,9.1600,9.5300,8.9800,9.4400,9.4400,367700,0.0000
2012-01-06,8.7400,9.2000,8.2600,9.0800,9.0800,370600,0.0000
2011-12-30,8.6300,8.7900,8.2600,8.4300,8.4300,286100,0.0000
2011-12-23,8.8900,9.0900,8.1500,8.7000,8.7000,716100,0.0000
2011-12-16,8.2700,9.1700,7.9107,8.7500,8.7500,1307000,0.0000
2011-12-09,8.8800,8.8800,8.1200,8.4900,8.4900,556100,0.0000
2011-12-02,6.6100,8.8100,6.6100,8.6100,8.6100,1444300,0.0000
2011-11-25,6.9500,7.0600,6.2600,6.2600,6.2600,497400,0.0000
2011-11-18,7.6900,7.7900,7.0400,7.2000,7.2000,646800,0.0000
2011-11-11,7.7300,8.2000,7.2100,7.7600,7.7600,908400,0.0000
2011-11-04,8.1200,8.3100,6.8200,7.7200,7.7200,1645400,0.0000
2011-10-28,7.0400,8.9700,6.9600,8.3000,8.3000,1933600,0.0000
2011-10-21,6.1000,7.0200,5.7200,6.9800,6.9800,1813700,0.0000
2011-10-14,5.8800,6.5000,5.6800,6.2000,6.2000,1935000,0.0000
2011-10-07,5.1600,6.0400,4.5300,5.7000,5.7000,1504800,0.0000
2011-09-30,5.5600,6.1200,5.1700,5.2200,5.2200,1360600,0.0000
2011-09-23,6.8800,7.0300,5.2905,5.4700,5.4700,1285900,0.0000
2011-09-16,6.3000,7.4300,5.9100,7.0600,7.0600,1215200,0.0000
2011-09-09,6.8800,7.2500,6.1700,6.3700,6.3700,1330900,0.0000
2011-09-02,7.6900,8.3100,7.2400,7.2700,7.2700,1037600,0.0000
2011-08-26,7.5500,7.9800,7.0400,7.5600,7.5600,1022300,0.0000
2011-08-19,8.0100,8.5500,7.1500,7.3100,7.3100,953900,0.0000
2011-08-12,8.1000,8.2250,6.7600,7.8600,7.8600,1902400,0.0000
2011-08-05,12.6800,12.7440,8.0000,8.5600,8.5600,1806900,0.0000
2011-07-29,13.9400,14.0700,11.9200,12.4800,12.4800,1109100,0.0000
2011-07-22,14.5700,14.7100,14.0700,14.1600,14.1600,452100,0.0000
2011-07-15,15.0600,15.2600,14.4900,14.6700,14.6700,524700,0.0000
2011-07-08,14.8800,15.4500,14.6200,15.3300,15.3300,460800,0.0000
2011-07-01,13.1800,15.1800,13.0700,14.9200,14.9200,704100,0.0000
2011-06-24,13.3900,13.6200,12.9000,13.2000,13.2000,1914200,0.0000
2011-06-17,13.7200,14.0500,13.0000,13.4200,13.4200,848700,0.0000
2011-06-10,14.6100,14.6400,13.1700,13.6400,13.6400,540300,0.0000
2011-06-03,14.9800,15.4200,14.4200,14.6300,14.6300,1428100,0.0000
2011-05-27,13.3400,14.8200,13.3000,14.8100,14.8100,546500,0.0000
2011-05-20,13.7300,14.1300,13.2100,13.7200,13.7200,891300,0.0000
2011-05-13,14.3800,14.5700,13.8000,13.8400,13.8400,926800,0.0000
2011-05-06,15.4200,15.4200,13.8700,14.4100,14.4100,910100,0.0000
2011-04-29,14.7900,15.4400,14.0701,15.3000,15.3000,403100,0.0000
2011-04-21,14.1700,14.8600,13.9500,14.8500,14.8500,335100,0.0000
2011-04-15,14.4100,14.5200,13.8400,14.4700,14.4700,654300,0.0000
2011-04-08,14.7200,14.7200,14.3500,14.4100,14.4100,608600,0.0000
2011-04-01,15.7900,15.8100,14.2400,14.6500,14.6500,1453400,0.0000
2011-03-25,15.6900,16.0500,15.0900,15.7600,15.7600,348600,0.0000
2011-03-18,14.9300,15.2700,14.4500,14.9200,14.9200,730800,0.0000
2011-03-11,15.9500,16.1300,14.8200,15.2000,15.2000,375600,0.0000
2011-03-04,15.1400,16.0500,14.7800,15.8900,15.8900,676600,0.0000
2011-02-25,15.6000,15.6500,14.1800,15.0200,15.0200,747000,0.0000
2011-02-18,15.4600,16.4899,15.4600,15.8400,15.8400,552300,0.0000
2011-02-11,15.0900,15.6400,14.6400,15.3800,15.3800,554600,0.0000
2011-02-04,14.9000,16.4100,14.2400,15.0500,15.0500,1270700,0.0000
2011-01-28,14.7700,15.6700,14.5800,14.8500,14.8500,1191400,0.0000
2011-01-21,15.6100,15.7700,14.6500,14.8100,14.8100,585200,0.0000
2011-01-14,16.2500,16.4100,15.6000,15.6100,15.6100,862600,0.0000
2011-01-07,16.0400,17.2200,15.6000,16.4100,16.4100,1775600,0.0000
2010-12-31,16.4100,16.7700,15.5900,15.7900,15.7900,787400,0.0000
2010-12-23,16.2300,17.1900,16.1000,16.4500,16.4500,1273400,0.0000
2010-12-17,15.7400,16.4000,15.0600,16.1100,16.1100,1489000,0.0000
2010-12-10,14.9500,15.9000,14.7100,15.6500,15.6500,1373100,0.0000
2010-12-03,13.0400,15.1700,12.7900,15.0300,15.0300,1517000,0.0000
2010-11-26,12.9000,13.4600,12.5200,13.1700,13.1700,663800,0.0000
2010-11-19,12.8200,13.2800,12.3200,12.9600,12.9600,1104100,0.0000
2010-11-12,12.5400,13.1900,12.2500,12.7100,12.7100,896400,0.0000
2010-11-05,11.0700,12.7200,10.9900,12.6000,12.6000,5121300,0.0000
2010-10-29,11.5100,11.5100,10.0200,11.0000,11.0000,1313600,0.0000
2010-10-22,12.7000,13.5800,10.5000,11.3600,11.3600,1004500,0.0000
2010-10-15,10.8500,12.9200,10.6600,12.6200,12.6200,797900,0.0000
2010-10-08,10.7000,11.4900,10.1200,10.8300,10.8300,598600,0.0000
2010-10-01,10.8500,10.9400,10.0600,10.7000,10.7000,208600,0.0000
2010-09-24,9.1600,11.0000,9.0400,10.9000,10.9000,473100,0.0000
2010-09-17,9.3300,9.9900,9.0600,9.1000,9.1000,242400,0.0000
2010-09-10,9.4000,9.4000,8.7400,9.1700,9.1700,255400,0.0000
2010-09-03,8.4500,10.1900,8.2700,9.4700,9.4700,409200,0.0000
2010-08-27,8.8800,8.9800,7.9000,8.5400,8.5400,310500,0.0000
2010-08-20,9.0900,9.8400,8.6700,8.8900,8.8900,357400,0.0000
2010-08-13,11.4200,11.4300,9.1300,9.2100,9.2100,550000,0.0000
2010-08-06,11.0000,11.5300,10.7100,11.3200,11.3200,501100,0.0000
2010-07-30,8.7400,10.9500,8.6100,10.7100,10.7100,648600,0.0000
2010-07-23,8.2600,8.7400,7.7200,8.7300,8.7300,622300,0.0000
2010-07-16,8.2900,8.5400,7.9400,8.1900,8.1900,524500,0.0000
2010-07-09,7.3500,8.3300,7.0300,8.3100,8.3100,347800,0.0000
2010-07-02,7.9900,8.3400,7.0200,7.1600,7.1600,616400,0.0000
2010-06-25,9.3600,9.4300,7.6000,8.0800,8.0800,1162800,0.0000
2010-06-18,9.0500,9.7500,8.5000,9.1800,9.1800,520500,0.0000
2010-06-11,8.8600,8.9900,7.7400,8.8600,8.8600,575500,0.0000
2010-06-04,9.5100,10.0600,8.7700,8.8100,8.8100,367600,0.0000
2010-05-28,9.1500,10.1500,8.6100,9.6800,9.6800,411400,0.0000
2010-05-21,10.1600,10.3900,8.5600,9.2400,9.2400,616400,0.0000
2010-05-14,8.6400,10.8600,8.6400,10.1300,10.1300,830600,0.0000
2010-05-07,10.9200,10.9200,8.1900,8.3200,8.3200,920600,0.0000
2010-04-30,11.5000,12.3000,10.7250,10.7900,10.7900,460000,0.0000
2010-04-23,10.8900,11.6800,10.6200,11.5800,11.5800,300800,0.0000
2010-04-16,10.9200,11.6900,10.8600,10.9900,10.9900,474400,0.0000
2010-04-09,10.4600,11.4300,10.2900,10.8300,10.8300,326300,0.0000
2010-04-01,9.7600,10.7600,9.6900,10.4200,10.4200,384700,0.0000
2010-03-26,9.5400,10.2000,8.5600,9.6900,9.6900,564300,0.0000
2010-03-19,8.9000,9.7400,8.5000,9.5400,9.5400,655100,0.0000
2010-03-12,8.7500,8.9800,8.7000,8.8800,8.8800,353700,0.0000
2010-03-05,8.4400,9.0000,8.1700,8.8500,8.8500,480500,0.0000
2010-02-26,8.2400,8.5800,7.8900,8.3400,8.3400,538700,0.0000
2010-02-19,6.3700,8.7000,6.0000,8.1800,8.1800,400800,0.0000
2010-02-12,6.5100,7.0000,6.2600,6.9200,6.9200,290000,0.0000
2010-02-05,7.0200,7.5300,6.2400,6.5100,6.5100,344800,0.0000
2010-01-29,8.0900,8.0900,6.9200,6.9800,6.9800,267900,0.0000
2010-01-22,8.7100,8.8600,7.9000,8.0100,8.0100,256500,0.0000
2010-01-15,9.1300,9.1500,8.3500,8.6500,8.6500,236800,0.0000
2010-01-08,9.2200,9.5425,8.7400,9.0700,9.0700,400000,0.0000
2009-12-31,9.1400,9.3800,9.0000,9.0100,9.0100,177000,0.0000
2009-12-24,8.3600,9.2200,8.1000,9.1100,9.1100,230900,0.0000
2009-12-18,7.5100,8.5500,7.2800,8.3100,8.3100,503400,0.0000
2009-12-11,7.6300,8.0500,7.3300,7.4400,7.4400,335400,0.0000
2009-12-04,6.7500,7.6500,6.1400,7.6100,7.6100,700000,0.0000
2009-11-27,6.9100,7.3400,6.7600,6.7800,6.7800,414000,0.0000
2009-11-20,7.3000,7.3800,6.7500,6.8200,6.8200,1019400,0.0000
2009-11-13,7.5400,8.2400,6.9500,7.2900,7.2900,623200,0.0000
2009-11-06,7.3300,7.8900,6.9300,7.4000,7.4000,578000,0.0000
2009-10-30,9.3300,9.6000,6.1500,7.3500,7.3500,1129400,0.0000
2009-10-23,8.5800,9.5000,8.3400,9.2500,9.2500,759700,0.0000
2009-10-16,8.7900,8.9800,8.3700,8.5500,8.5500,1019400,0.0000
2009-10-09,7.1200,8.7600,7.0400,8.6400,8.6400,1254300,0.0000
2009-10-02,6.3200,7.5700,6.3200,7.0800,7.0800,1567400,0.0000
2009-09-25,5.3400,6.2900,5.1500,6.2800,6.2800,598000,0.0000
2009-09-18,5.1500,5.5500,5.0800,5.4800,5.4800,594700,0.0000
2009-09-11,4.9000,5.3700,4.6900,5.1900,5.1900,296800,0.0000
2009-09-04,5.2200,5.4700,4.6500,4.9000,4.9000,709500,0.0000
2009-08-28,5.2300,5.4200,4.9100,5.3500,5.3500,592000,0.0000
2009-08-21,4.6000,5.2000,4.2506,5.1000,5.1000,689400,0.0000
2009-08-14,5.2400,5.6000,4.6210,4.7700,4.7700,534100,0.0000
2009-08-07,4.5100,5.7500,4.5100,5.3000,5.3000,728900,0.0000
2009-07-31,4.7400,5.2300,4.0600,4.4400,4.4400,882200,0.0000
2009-07-24,4.6400,5.1800,4.5000,4.7500,4.7500,793100,0.0000
2009-07-17,4.2900,4.7950,4.0801,4.6100,4.6100,395700,0.0000
2009-07-10,4.1600,4.4200,3.7000,4.2700,4.2700,593000,0.0000
2009-07-02,4.8400,5.4299,4.0600,4.1900,4.1900,616500,0.0000
2009-06-26,3.5300,4.8400,3.3100,4.7800,4.7800,992200,0.0000
2009-06-19,4.5900,4.5900,3.5000,3.5600,3.5600,518100,0.0000
2009-06-12,3.1500,4.5900,3.1100,4.5900,4.5900,1268300,0.0000
2009-06-05,3.1700,3.1900,2.6400,3.1200,3.1200,1001300,0.0000
2009-05-29,2.5000,3.2300,2.4300,3.2300,3.2300,679300,0.0000
2009-05-22,2.0400,3.2200,2.0400,2.5000,2.5000,1553700,0.0000
2009-05-15,3.1800,3.1800,2.0000,2.0400,2.0400,1435200,0.0000
2009-05-08,2.4800,3.6700,2.3400,3.2300,3.2300,2924600,0.0000
2009-05-01,2.1600,2.5100,2.0600,2.4800,2.4800,535900,0.0000
2009-04-24,2.4600,2.5700,2.1203,2.2700,2.2700,246500,0.0000
2009-04-17,2.4300,2.5200,2.3400,2.5100,2.5100,278100,0.0000
2009-04-09,2.5200,2.5401,2.0800,2.4400,2.4400,170400,0.0000
2009-04-03,2.0700,2.6500,1.9700,2.5700,2.5700,304500,0.0000
2009-03-27,2.7100,2.7300,2.1600,2.1600,2.1600,461200,0.0000
2009-03-20,2.3500,2.7200,2.2600,2.5900,2.5900,530900,0.0000
2009-03-13,1.7800,2.4100,1.5500,2.3200,2.3200,476400,0.0000
2009-03-06,1.6700,1.9000,1.5300,1.7900,1.7900,341900,0.0000
2009-02-27,2.0200,2.4700,1.5500,1.8200,1.8200,571300,0.0000
2009-02-20,2.2600,2.4000,1.9600,2.0000,2.0000,668300,0.0000
2009-02-13,2.4000,2.5200,2.0101,2.4200,2.4200,439000,0.0000
2009-02-06,1.9700,2.3850,1.4100,2.3300,2.3300,1189300,0.0000
2009-01-30,2.9400,3.2000,1.9600,1.9600,1.9600,554100,0.0000
2009-01-23,3.3100,3.3100,2.5000,2.9700,2.9700,370700,0.0000
2009-01-16,4.7400,4.7400,3.3000,3.4200,3.4200,586200,0.0000
2009-01-09,4.5400,4.8000,4.2600,4.7300,4.7300,1323000,0.0000
2009-01-02,3.6600,4.6400,3.6200,4.4900,4.4900,1224100,0.0000
2008-12-26,3.6900,3.9500,3.1000,3.5700,3.5700,1169600,0.0000
2008-12-19,3.9400,4.0000,3.0100,3.7000,3.7000,683600,0.0000
2008-12-12,3.8100,4.3700,3.6000,3.9300,3.9300,640000,0.0000
2008-12-05,4.4900,4.5300,3.4200,3.6900,3.6900,622400,0.0000
2008-11-28,3.0200,5.1500,3.0200,4.6100,4.6100,684700,0.0000
2008-11-21,4.2200,4.2200,2.3200,2.9200,2.9200,672200,0.0000
2008-11-14,5.1300,5.3400,3.9400,4.2900,4.2900,675900,0.0000
2008-11-07,5.8000,5.8000,3.3500,4.9900,4.9900,796500,0.0000
2008-10-31,6.5300,6.5300,5.3300,5.6900,5.6900,709600,0.0000
2008-10-24,7.6300,8.4400,6.5000,6.6300,6.6300,492500,0.0000
2008-10-17,7.5300,8.7800,6.8900,7.5700,7.5700,799400,0.0000
2008-10-10,9.4000,9.6300,6.1100,7.4600,7.4600,1014000,0.0000
2008-10-03,11.8700,12.0800,9.2200,9.6500,9.6500,654600,0.0000
2008-09-26,13.8500,14.0000,11.7400,12.1200,12.1200,747900,0.0000
2008-09-19,12.6300,14.9500,11.8200,14.0500,14.0500,1062200,0.0000
2008-09-12,12.3900,13.2000,11.7200,13.1100,13.1100,909000,0.0000
2008-09-05,12.7500,13.4000,11.4600,11.9500,11.9500,630100,0.0000
2008-08-29,14.0600,14.6300,12.5300,12.7000,12.7000,1094900,0.0000
2008-08-22,16.7300,16.7600,13.9900,14.0800,14.0800,599100,0.0000
2008-08-15,15.5600,17.0100,15.1300,16.6300,16.6300,749000,0.0000
2008-08-08,13.7400,15.9700,13.4800,15.7900,15.7900,1020100,0.0000
2008-08-01,17.9000,18.2000,13.0000,13.7900,13.7900,1284300,0.0000
2008-07-25,18.6800,18.7800,17.5100,18.0400,18.0400,739400,0.0000
2008-07-18,16.6300,19.3600,16.5800,18.7500,18.7500,907300,0.0000
2008-07-11,15.9900,17.0200,15.3200,16.6500,16.6500,963700,0.0000
2008-07-03,17.2700,17.8300,15.4500,15.8800,15.8800,669100,0.0000
2008-06-27,17.5200,17.6100,16.1500,17.2300,17.2300,991600,0.0000
2008-06-20,17.5400,18.0700,16.5925,17.4300,17.4300,851100,0.0000
2008-06-13,16.9700,17.7900,16.9370,17.5200,17.5200,811300,0.0000
2008-06-06,16.8300,18.1600,16.4800,16.9700,16.9700,822300,0.0000
2008-05-30,16.1200,16.9700,16.0700,16.7300,16.7300,574900,0.0000
2008-05-23,16.6600,17.1800,15.7600,15.9500,15.9500,631200,0.0000
2008-05-16,15.4000,17.1400,15.4000,16.7400,16.7400,749800,0.0000
2008-05-09,13.5000,15.9800,12.7400,15.4400,15.4400,1010600,0.0000
2008-05-02,13.8500,18.7400,13.7800,14.7400,14.7400,904100,0.0000
2008-04-25,14.0000,14.1600,13.2200,14.0500,14.0500,584700,0.0000
2008-04-18,13.2800,14.1000,12.8400,14.0300,14.0300,645200,0.0000
2008-04-11,14.2300,14.4400,13.1500,13.1800,13.1800,578000,0.0000
2008-04-04,13.4500,14.1400,13.2400,13.8500,13.8500,604600,0.0000
2008-03-28,13.1200,14.2300,13.0100,13.2000,13.2000,695700,0.0000
2008-03-20,11.9400,13.4700,11.9400,13.0700,13.0700,771700,0.0000
2008-03-14,11.7000,12.7000,10.9700,12.2700,12.2700,823500,0.0000
2008-03-07,10.8400,12.0700,10.6400,11.6000,11.6000,1305100,0.0000
2008-02-29,10.7300,12.3500,10.4900,10.7800,10.7800,461000,0.0000
2008-02-22,10.8100,11.6100,10.3900,10.7000,10.7000,294100,0.0000
2008-02-15,9.1300,11.4900,8.9200,10.5600,10.5600,682900,0.0000
2008-02-08,9.2400,9.7400,8.8300,8.9200,8.9200,435700,0.0000
2008-02-01,8.0600,9.5000,8.0000,9.1700,9.1700,746600,0.0000
2008-01-25,7.6600,8.6700,7.1000,8.0600,8.0600,683100,0.0000
2008-01-18,7.2400,10.3999,6.8600,8.3300,8.3300,1299400,0.0000
2008-01-11,8.0700,8.1200,7.1800,7.1800,7.1800,575600,0.0000
2008-01-04,8.1200,8.2900,7.9700,8.0100,8.0100,397100,0.0000
2007-12-28,8.4900,9.1700,8.1900,8.2100,8.2100,240800,0.0000
2007-12-21,8.0300,9.3100,7.7300,8.2400,8.2400,399200,0.0000
2007-12-14,8.3200,8.8900,8.0000,8.0000,8.0000,455600,0.0000
2007-12-07,8.1500,8.8700,8.0100,8.4100,8.4100,280700,0.0000
2007-11-30,8.7200,8.8500,8.0400,8.3200,8.3200,498500,0.0000
2007-11-23,9.1100,9.2900,8.2800,8.7600,8.7600,259700,0.0000
2007-11-16,9.3200,9.8500,8.9900,9.3300,9.3300,615100,0.0000
2007-11-09,9.9600,10.0400,8.7200,9.2600,9.2600,1363600,0.0000
2007-11-02,10.0500,11.1200,9.3500,10.0100,10.0100,1146700,0.0000
2007-10-26,9.0000,10.1800,8.9000,10.0900,10.0900,400000,0.0000
2007-10-19,10.0300,10.5300,9.1000,9.1500,9.1500,490800,0.0000
2007-10-12,10.4600,11.1000,9.9700,9.9800,9.9800,471200,0.0000
2007-10-05,10.2300,10.7000,10.2000,10.4300,10.4300,346000,0.0000
2007-09-28,10.7600,10.9500,10.0500,10.2000,10.2000,502300,0.0000
2007-09-21,10.5500,11.0700,9.9500,10.7200,10.7200,701000,0.0000
2007-09-14,10.2700,11.0700,9.6300,10.5600,10.5600,411400,0.0000
2007-09-07,10.4400,11.1300,9.9000,10.0600,10.0600,378800,0.0000
2007-08-31,10.9600,11.1400,10.1100,10.4400,10.4400,387400,0.0000
2007-08-24,11.0000,11.8900,10.3400,11.0300,11.0300,571300,0.0000
2007-08-17,11.1800,12.4400,9.8400,10.9700,10.9700,904500,0.0000
2007-08-10,11.3100,11.8000,8.8500,10.9600,10.9600,1355300,0.0000
2007-08-03,12.4000,13.4800,11.3400,11.3800,11.3800,653800,0.0000
2007-07-27,13.0000,14.4100,12.5000,12.5000,12.5000,742400,0.0000
2007-07-20,12.9900,13.2500,12.2700,12.3300,12.3300,352600,0.0000
2007-07-13,12.9700,13.2500,12.5100,12.8900,12.8900,432400,0.0000
2007-07-06,12.4200,13.7000,12.4100,12.9100,12.9100,342400,0.0000
2007-06-29,11.9900,13.0000,11.9400,12.3400,12.3400,430800,0.0000
2007-06-22,12.1500,12.9800,11.9700,12.0200,12.0200,827700,0.0000
2007-06-15,12.9900,12.9900,11.2900,12.2500,12.2500,287000,0.0000
2007-06-08,12.7800,13.3000,12.2500,12.8900,12.8900,414200,0.0000
2007-06-01,12.0300,12.9400,12.0200,12.7600,12.7600,285700,0.0000
2007-05-25,13.0500,13.2300,12.2600,12.3400,12.3400,301900,0.0000
2007-05-18,13.6300,13.7500,12.7600,12.9500,12.9500,551400,0.0000
2007-05-11,13.1000,13.8700,11.0000,13.5300,13.5300,613400,0.0000
2007-05-04,12.1500,13.4500,11.0700,12.8000,12.8000,596500,0.0000
2007-04-27,11.5300,12.5000,11.5001,12.4000,12.4000,381200,0.0000
2007-04-20,11.7100,11.9600,11.4260,11.4600,11.4600,231800,0.0000
2007-04-13,10.4000,11.8800,10.3200,11.6500,11.6500,258100,0.0000
2007-04-05,11.4400,11.4400,10.0200,10.4400,10.4400,265400,0.0000
2007-03-30,10.5500,10.8000,9.7500,10.3600,10.3600,314200,0.0000
2007-03-23,10.9000,11.4400,10.0700,10.2000,10.2000,346000,0.0000
2007-03-16,10.5300,11.1300,10.4300,11.0000,11.0000,115200,0.0000
2007-03-09,10.9700,11.1700,10.1000,10.4100,10.4100,220000,0.0000
2007-03-02,11.8700,11.9700,10.8800,10.9700,10.9700,107600,0.0000
2007-02-23,11.7800,12.6800,11.6800,11.8100,11.8100,198000,0.0000
2007-02-16,10.3200,11.9900,10.2800,11.7600,11.7600,212000,0.0000
2007-02-09,10.0400,11.2500,9.7900,10.1000,10.1000,375700,0.0000
2007-02-02,9.6600,10.5500,9.2901,10.0400,10.0400,337500,0.0000
2007-01-26,9.3600,9.7100,9.3500,9.7000,9.7000,72500,0.0000
2007-01-19,9.0500,9.3900,9.0000,9.3500,9.3500,58000,0.0000
2007-01-12,8.4500,9.0500,8.3200,9.0200,9.0200,118700,0.0000
2007-01-05,8.1900,8.4500,8.1900,8.4500,8.4500,23700,0.0000
2006-12-29,8.1500,8.1900,7.9500,8.1900,8.1900,47800,0.0000
2006-12-22,7.9200,8.2300,7.9200,8.2300,8.2300,21700,0.0000
2006-12-15,8.0100,8.1600,7.6900,7.8700,7.8700,58100,0.0000
2006-12-08,7.4500,8.0000,7.3800,8.0000,8.0000,147800,0.0000
2006-12-01,7.2100,7.4100,7.1600,7.4100,7.4100,65300,0.0000
2006-11-24,7.1800,7.2400,7.1300,7.1600,7.1600,52300,0.0000
2006-11-17,7.2500,7.5800,7.0700,7.1800,7.1800,64200,0.0000
2006-11-10,7.3499,7.5700,7.0000,7.2400,7.2400,73600,0.0000
2006-11-03,8.1400,8.1400,6.9100,7.3000,7.3000,136100,0.0000
2006-10-27,7.9990,8.7500,7.6100,8.1400,8.1400,84400,0.0000
2006-10-20,7.8000,8.4200,7.7800,7.9600,7.9600,95400,0.0000
2006-10-13,6.7100,7.7500,6.7100,7.7300,7.7300,101300,0.0000
2006-10-06,7.1200,7.1600,6.5500,6.7600,6.7600,122700,0.0000
2006-09-29,7.0300,7.2600,7.0300,7.1200,7.1200,42800,0.0000
2006-09-22,7.2200,7.5000,7.0200,7.0700,7.0700,41100,0.0000
2006-09-15,7.5000,7.6800,7.3000,7.3200,7.3200,93800,0.0000
2006-09-08,8.5600,8.7300,7.8500,7.8800,7.8800,85000,0.0000
2006-09-01,8.3000,8.6100,8.1900,8.4800,8.4800,150400,0.0000
2006-08-25,9.4100,9.6500,8.4500,8.4500,8.4500,79900,0.0000
2006-08-18,8.3800,9.8900,8.3300,9.3100,9.3100,159300,0.0000
2006-08-11,9.1700,9.1800,8.3000,8.3300,8.3300,73700,0.0000
2006-08-04,9.9300,10.1500,9.0200,9.1300,9.1300,185600,0.0000
2006-07-28,8.4500,10.5100,8.1500,9.8900,9.8900,213900,0.0000
2006-07-21,8.6500,8.8500,8.2500,8.4000,8.4000,78200,0.0000
2006-07-14,8.2500,8.6300,8.2400,8.6300,8.6300,53900,0.0000
2006-07-07,8.3000,8.4000,8.0950,8.2500,8.2500,63300,0.0000
2006-06-30,8.2500,8.3700,8.0000,8.3000,8.3000,160600,0.0000
2006-06-23,8.2500,8.4900,8.1100,8.2800,8.2800,184400,0.0000
2006-06-16,8.5400,8.7000,7.9000,8.3500,8.3500,103900,0.0000
2006-06-09,8.1000,8.4000,7.9500,8.4000,8.4000,55600,0.0000
2006-06-02,8.0000,8.0400,7.6000,8.0100,8.0100,62300,0.0000
2006-05-26,8.3700,8.4299,7.6000,8.0900,8.0900,149400,0.0000
2006-05-19,7.6100,8.2900,7.5800,8.2400,8.2400,143500,0.0000
2006-05-12,7.2000,7.7200,7.0000,7.5800,7.5800,170800,0.0000
2006-05-05,7.0100,7.4000,6.9500,7.1000,7.1000,229900,0.0000
2006-04-28,6.8000,7.0800,6.7500,7.0300,7.0300,258400,0.0000
2006-04-21,6.4900,6.9400,6.4900,6.7400,6.7400,265700,0.0000
2006-04-13,6.2100,6.8100,6.2100,6.5000,6.5000,277000,0.0000
2006-04-07,5.5000,6.3200,5.4900,6.2100,6.2100,357600,0.0000
2006-03-31,5.7000,5.7700,5.3600,5.4400,5.4400,335400,0.0000
2006-03-24,5.5300,5.8700,5.4000,5.7000,5.7000,226800,0.0000
2006-03-17,5.1900,5.6200,5.0000,5.4800,5.4800,276000,0.0000
2006-03-10,6.0300,6.2500,4.7900,5.0200,5.0200,676800,0.0000
2006-03-03,5.9900,6.1700,5.8000,5.9700,5.9700,536900,0.0000
2006-02-24,6.1500,6.3500,5.9600,5.9800,5.9800,41800,0.0000
2006-02-17,6.6000,6.7500,6.0524,6.1800,6.1800,475600,0.0000
2006-02-10,6.4900,6.6400,6.4500,6.6000,6.6000,64000,0.0000
2006-02-03,6.6500,6.6500,6.2612,6.4200,6.4200,155100,0.0000
2006-01-27,6.4600,6.8000,6.2000,6.3000,6.3000,48700,0.0000
2006-01-20,6.9000,6.9500,6.4600,6.4900,6.4900,21800,0.0000
2006-01-13,6.5400,7.4000,6.5400,6.8700,6.8700,89000,0.0000
2006-01-06,6.6000,6.6200,6.2000,6.5000,6.5000,30900,0.0000
2005-12-30,6.4700,6.6600,6.4200,6.6200,6.6200,68800,0.0000
2005-12-23,6.5400,6.7500,6.3800,6.4900,6.4900,128400,0.0000
2005-12-16,6.6000,6.6400,6.2300,6.5400,6.5400,93200,0.0000
2005-12-09,6.3200,6.6800,6.1000,6.5700,6.5700,120000,0.0000
2005-12-02,7.4400,7.4500,5.9500,6.3200,6.3200,470600,0.0000
2005-11-25,7.5100,7.8900,7.4200,7.8400,7.8400,94400,0.0000
2005-11-18,8.6300,8.8000,6.9200,7.5100,7.5100,235900,0.0000
2005-11-11,7.3600,8.7200,7.3500,8.6000,8.6000,133600,0.0000
2005-11-04,6.6500,7.5000,6.6000,7.3900,7.3900,76000,0.0000
2005-10-28,8.2400,8.2400,6.4500,6.5500,6.5500,112100,0.0000
2005-10-21,8.5100,8.5100,8.0000,8.1000,8.1000,143200,0.0000
2005-10-14,8.2000,8.6000,8.1500,8.5000,8.5000,102500,0.0000
2005-10-07,8.2700,8.5500,8.0000,8.2100,8.2100,80200,0.0000
2005-09-30,8.5100,8.5100,8.1600,8.2200,8.2200,48800,0.0000
2005-09-23,8.5000,8.6000,8.4200,8.5100,8.5100,106600,0.0000
2005-09-16,9.2500,9.3000,8.2500,8.6000,8.6000,141700,0.0000
2005-09-09,9.6900,9.6900,8.8500,9.2500,9.2500,73500,0.0000
2005-09-02,9.3500,9.8000,9.2000,9.7400,9.7400,137100,0.0000
2005-08-26,9.9000,10.0000,9.2000,9.4100,9.4100,212300,0.0000
2005-08-19,9.9500,10.0900,9.5000,9.9500,9.9500,165300,0.0000
2005-08-12,10.3200,10.3700,9.8000,10.0500,10.0500,204400,0.0000
2005-08-05,9.9600,10.4000,9.9000,10.3500,10.3500,154400,0.0000
2005-07-29,9.4800,10.3500,9.2000,10.0100,10.0100,401800,0.0000
2005-07-22,9.1700,9.6500,8.4500,9.5300,9.5300,258700,0.0000
2005-07-15,6.6300,9.1800,6.6200,8.9700,8.9700,577000,0.0000
2005-07-08,7.1800,7.2500,6.6000,6.6800,6.6800,182000,0.0000
2005-07-01,6.4700,7.1900,6.1000,7.1300,7.1300,594900,0.0000
2005-06-24,8.1300,8.1300,6.3500,6.4700,6.4700,961300,0.0000
2005-06-17,8.0700,8.4500,8.0000,8.1300,8.1300,283400,0.0000
2005-06-10,7.8200,8.4000,7.6700,8.1000,8.1000,386500,0.0000
2005-06-03,7.9100,7.9900,7.6700,7.8400,7.8400,119300,0.0000
2005-05-27,8.5700,8.5700,7.5600,7.9000,7.9000,119100,0.0000
2005-05-20,8.2000,8.6800,8.2000,8.5700,8.5700,82600,0.0000
2005-05-13,8.9600,9.1000,8.1800,8.2000,8.2000,108600,0.0000
2005-05-06,9.9800,9.9800,8.8500,8.9600,8.9600,165600,0.0000
2005-04-29,9.9300,10.2000,9.5800,9.9800,9.9800,228800,0.0000
2005-04-22,10.5600,10.8200,9.7800,9.9300,9.9300,251900,0.0000
2005-04-15,11.8500,11.8500,10.6000,10.6100,10.6100,86300,0.0000
2005-04-08,12.1500,12.4700,11.8500,11.8800,11.8800,351100,0.0000
2005-04-01,12.1500,12.4700,12.0000,12.1800,12.1800,173800,0.0000
2005-03-24,12.2000,12.6900,12.1000,12.1700,12.1700,147200,0.0000
2005-03-18,12.6000,12.9500,12.1000,12.1600,12.1600,195200,0.0000
2005-03-11,12.4200,12.7400,12.2100,12.5900,12.5900,294300,0.0000
2005-03-04,12.0500,12.5400,11.8800,12.3200,12.3200,274200,0.0000
2005-02-25,12.3600,12.5800,11.8800,12.0900,12.0900,133000,0.0000
2005-02-18,13.0000,13.0000,11.2000,12.2600,12.2600,394700,0.0000
2005-02-11,14.9700,15.0900,12.9000,12.9800,12.9800,372700,0.0000
2005-02-04,14.0000,15.1000,14.0000,15.0200,15.0200,324600,0.0000
2005-01-28,13.5000,14.3100,13.3200,13.9500,13.9500,97400,0.0000
2005-01-21,13.8500,13.9900,13.3000,13.4500,13.4500,70400,0.0000
2005-01-14,13.5600,14.2000,13.4600,13.9500,13.9500,105700,0.0000
2005-01-07,15.1300,15.2000,13.5500,13.6000,13.6000,134700,0.0000
2004-12-31,14.7500,15.4000,14.7000,15.1300,15.1300,142000,0.0000
2004-12-23,14.5200,15.0500,14.2600,14.8800,14.8800,66900,0.0000
2004-12-17,14.0000,14.8300,13.8600,14.5700,14.5700,139800,0.0000
2004-12-10,14.5700,14.6000,13.7260,13.9900,13.9900,196200,0.0000
2004-12-03,16.4700,16.7500,14.6000,14.6700,14.6700,232300,0.0000
2004-11-26,15.8500,16.4400,15.3900,16.4000,16.4000,86800,0.0000
2004-11-19,14.8400,15.7500,14.1700,15.7500,15.7500,149400,0.0000
2004-11-12,14.1600,14.9500,13.7000,14.8400,14.8400,119400,0.0000
2004-11-05,13.4000,15.2300,13.2400,14.2600,14.2600,192900,0.0000
2004-10-29,13.0000,13.5600,12.9000,13.4500,13.4500,101000,0.0000
2004-10-22,13.0200,13.7600,12.8800,13.0700,13.0700,134000,0.0000
2004-10-15,13.9400,14.3400,12.7300,13.1100,13.1100,270500,0.0000
2004-10-08,14.4500,15.0000,13.7900,13.9000,13.9000,261700,0.0000
2004-10-01,13.8400,14.4500,13.4500,14.4500,14.4500,206000,0.0000
2004-09-24,13.8800,14.0000,13.4100,13.7900,13.7900,146300,0.0000
2004-09-17,14.9500,15.0600,13.2000,13.6800,13.6800,222300,0.0000
2004-09-10,15.0000,15.4200,14.9500,15.0500,15.0500,95900,0.0000
2004-09-03,14.8000,15.6600,14.5200,15.0000,15.0000,100100,0.0000
2004-08-27,14.3300,14.8500,14.3300,14.8000,14.8000,177900,0.0000
2004-08-20,13.5000,14.4900,13.3500,14.3300,14.3300,92600,0.0000
2004-08-13,13.5000,13.9000,13.2000,13.4000,13.4000,95600,0.0000
2004-08-06,14.6500,14.7500,13.2400,13.8500,13.8500,195800,0.0000
2004-07-30,14.8000,15.1600,14.4000,14.6800,14.6800,169800,0.0000
2004-07-23,16.7500,16.9300,14.3000,14.8500,14.8500,254100,0.0000
2004-07-16,16.5500,17.0300,16.4700,16.8000,16.8000,111900,0.0000
2004-07-09,16.8500,16.9000,16.1100,16.5000,16.5000,115800,0.0000
2004-07-02,17.0000,17.2900,16.7500,16.8700,16.8700,202100,0.0000
2004-06-25,16.7000,17.4400,16.2700,16.8900,16.8900,379400,0.0000
2004-06-18,15.7700,17.0000,15.7500,16.8000,16.8000,263900,0.0000
2004-06-10,15.0000,15.7500,14.7900,15.6700,15.6700,232900,0.0000
2004-06-04,15.6100,15.6500,14.9000,14.9100,14.9100,97000,0.0000
2004-05-28,15.6500,15.9800,15.3600,15.6600,15.6600,121000,0.0000
2004-05-21,15.7400,16.1400,15.0700,15.5600,15.5600,184300,0.0000
2004-05-14,15.8500,16.1500,15.2500,15.9900,15.9900,375800,0.0000
2004-05-07,15.3000,16.4900,15.2500,15.8600,15.8600,268900,0.0000
2004-04-30,14.9700,16.1500,14.9500,15.2500,15.2500,232400,0.0000
2004-04-23,14.5500,16.0000,14.2200,15.1200,15.1200,157400,0.0000
2004-04-16,15.0600,15.2400,14.0200,14.6000,14.6000,157200,0.0000
2004-04-08,14.8400,15.5700,14.8400,15.0500,15.0500,95600,0.0000
2004-04-02,13.6000,15.1500,13.6000,14.7900,14.7900,136200,0.0000
2004-03-26,13.6700,14.5000,13.2000,13.6800,13.6800,172500,0.0000
2004-03-19,15.4000,15.4000,13.8600,13.9700,13.9700,226600,0.0000
2004-03-12,15.5000,15.8900,14.9000,15.4000,15.4000,383200,0.0000
2004-03-05,15.1500,15.7500,15.0800,15.5400,15.5400,272900,0.0000
2004-02-27,15.8600,15.8800,15.0500,15.1500,15.1500,302600,0.0000
2004-02-20,15.9900,16.0000,15.6000,15.6100,15.6100,342700,0.0000
2004-02-13,15.9300,16.2500,15.8000,15.9800,15.9800,391700,0.0000
2004-02-06,14.9400,16.9800,14.7000,15.9800,15.9800,557500,0.0000
2004-01-30,16.9000,16.9000,14.8400,14.8400,14.8400,101000,0.0000
2004-01-23,17.1000,17.9700,16.9000,17.0000,17.0000,86000,0.0000
2004-01-16,16.3000,17.1100,16.2200,17.0000,17.0000,63400,0.0000
2004-01-09,15.3200,17.1800,15.3200,16.9000,16.9000,86500,0.0000
2004-01-02,15.2800,15.6200,15.0300,15.2200,15.2200,87900,0.0000
2003-12-26,14.6000,15.4000,14.6000,15.3800,15.3800,39000,0.0000
2003-12-19,15.2500,15.2500,14.2000,14.6000,14.6000,107200,0.0000
2003-12-12,13.8600,15.0000,13.8500,14.9800,14.9800,90300,0.0000
2003-12-05,13.4000,14.1300,13.3400,13.8600,13.8600,92100,0.0000
2003-11-28,13.1200,14.0100,13.1200,13.3500,13.3500,77200,0.0000
2003-11-21,13.5000,13.5500,12.2800,13.1200,13.1200,98100,0.0000
2003-11-14,14.1000,14.3400,13.2300,13.6000,13.6000,102200,0.0000
2003-11-07,13.8000,15.2000,13.7500,14.0000,14.0000,137400,0.0000
2003-10-31,14.9600,14.9600,13.5000,13.6900,13.6900,106000,0.0000
2003-10-24,15.0500,15.4000,14.8000,15.0100,15.0100,116400,0.0000
2003-10-17,15.1000,15.6200,14.9000,14.9000,14.9000,74700,0.0000
2003-10-10,15.5900,15.5900,14.6400,15.0400,15.0400,88800,0.0000
2003-10-03,14.9000,15.7300,14.4500,15.5900,15.5900,87100,0.0000
2003-09-26,16.1500,16.4500,14.5500,14.9000,14.9000,84000,0.0000
2003-09-19,16.1500,16.7400,16.0000,16.1000,16.1000,85200,0.0000
2003-09-12,16.9800,17.1400,15.7100,16.2900,16.2900,154600,0.0000
2003-09-05,15.8000,17.2900,15.8000,16.9300,16.9300,174700,0.0000
2003-08-29,15.9500,16.0000,15.5500,15.8500,15.8500,194000,0.0000
2003-08-22,15.0400,16.4500,15.0400,15.9500,15.9500,205000,0.0000
2003-08-15,14.0000,15.2900,13.9300,15.1400,15.1400,101700,0.0000
2003-08-08,15.1200,15.1800,13.6800,14.1000,14.1000,198100,0.0000
2003-08-01,15.1200,15.7400,14.4000,15.0200,15.0200,216600,0.0000
2003-07-25,15.2800,15.3000,14.6100,15.0200,15.0200,161900,0.0000
2003-07-18,14.9000,15.5000,14.8000,15.3800,15.3800,113500,0.0000
2003-07-11,13.6900,14.9000,13.5500,14.8000,14.8000,212000,0.0000
2003-07-03,13.5900,13.8100,13.3900,13.6000,13.6000,142100,0.0000
2003-06-27,13.7900,13.9300,12.9500,13.5800,13.5800,93900,0.0000
2003-06-20,12.6500,14.0700,12.6400,13.6900,13.6900,288700,0.0000
2003-06-13,11.8000,12.7500,11.7000,12.5500,12.5500,113000,0.0000
2003-06-06,11.9000,12.0000,11.7000,11.7000,11.7000,90200,0.0000
2003-05-30,11.9000,12.2000,10.8700,11.7800,11.7800,420000,0.0000
2003-05-23,11.7500,11.9900,11.6600,11.8500,11.8500,27200,0.0000
2003-05-16,12.3000,12.5000,11.3600,11.7000,11.7000,61500,0.0000
2003-05-09,11.3000,12.6500,10.8300,12.4000,12.4000,82600,0.0000
2003-05-02,10.3200,11.4200,10.1500,11.2000,11.2000,241300,0.0000
2003-04-25,12.7900,13.0700,10.1000,10.2500,10.2500,253700,0.0000
2003-04-17,10.0000,13.4900,10.0000,12.8900,12.8900,194600,0.0000
2003-04-11,10.0000,10.3000,9.6000,10.0600,10.0600,89500,0.0000
2003-04-04,9.5500,10.1700,9.5000,9.8400,9.8400,175000,0.0000
2003-03-28,10.0000,10.0900,9.6000,9.6500,9.6500,175500,0.0000
2003-03-21,9.3500,10.8000,9.2400,10.1800,10.1800,137500,0.0000
2003-03-14,9.5000,9.5900,8.9800,9.4500,9.4500,153400,0.0000
2003-03-07,10.3500,10.3800,9.4000,9.5300,9.5300,169300,0.0000
2003-02-28,10.1500,10.5800,9.4350,10.4500,10.4500,72300,0.0000
2003-02-21,9.9400,10.3500,9.8200,10.2500,10.2500,32100,0.0000
2003-02-14,9.3500,10.1000,8.8400,9.9000,9.9000,81100,0.0000
2003-02-07,11.4000,11.4000,9.3000,9.3000,9.3000,221500,0.0000
2003-01-31,12.2000,12.8300,10.4500,11.8500,11.8500,93700,0.0000
2003-01-24,13.9600,14.0600,12.1000,12.1000,12.1000,158300,0.0000
2003-01-17,14.8000,14.9500,13.6000,13.9600,13.9600,140800,0.0000
2003-01-10,12.7500,15.5500,12.2000,14.9500,14.9500,161700,0.0000
2003-01-03,11.2500,12.9000,10.7200,12.7000,12.7000,97800,0.0000
2002-12-27,11.1200,11.8500,10.9800,11.3500,11.3500,37800,0.0000
2002-12-20,10.9900,11.5000,10.7000,11.2000,11.2000,78000,0.0000
2002-12-13,8.6500,11.0900,8.6500,10.8900,10.8900,177300,0.0000
2002-12-06,9.8300,9.8900,8.7300,8.7500,8.7500,69500,0.0000
2002-11-29,9.8500,10.2500,9.5000,9.8300,9.8300,64800,0.0000
2002-11-22,8.6500,10.2000,8.6100,9.7500,9.7500,182600,0.0000
2002-11-15,8.4100,9.0300,8.3000,8.6500,8.6500,222000,0.0000
2002-11-08,8.4500,8.9000,7.0500,8.4600,8.4600,494900,0.0000
2002-11-01,11.2500,11.3300,8.2500,8.3000,8.3000,261400,0.0000
2002-10-25,13.0600,13.0600,11.1000,11.7500,11.7500,174900,0.0000
2002-10-18,13.5500,14.4000,12.7500,13.1600,13.1600,127700,0.0000
2002-10-11,16.1100,16.3700,13.3500,13.6500,13.6500,129900,0.0000
2002-10-04,17.0000,17.1500,16.1100,16.2100,16.2100,109900,0.0000
2002-09-27,16.6000,17.0500,16.1200,16.7900,16.7900,131800,0.0000
2002-09-20,16.6400,17.0400,16.3100,16.7000,16.7000,118200,0.0000
2002-09-13,16.9000,17.0000,16.1000,16.7400,16.7400,132400,0.0000
2002-09-06,17.1000,17.1300,16.3200,16.9000,16.9000,86500,0.0000
2002-08-30,17.0000,17.1500,16.2500,17.0000,17.0000,213300,0.0000
2002-08-23,16.7500,17.2000,16.6200,16.9900,16.9900,101500,0.0000
2002-08-16,16.5000,17.2500,16.1500,16.7000,16.7000,96000,0.0000
2002-08-09,16.6000,16.9700,16.4000,16.7200,16.7200,192400,0.0000
2002-08-02,17.3000,17.4000,16.4100,16.4100,16.4100,206000,0.0000
2002-07-26,17.0200,17.3000,15.1500,17.3000,17.3000,191500,0.0000
2002-07-19,15.7700,17.3600,15.2500,17.0100,17.0100,193900,0.0000
2002-07-12,18.8000,18.8000,15.6500,15.8700,15.8700,338200,0.0000
2002-07-05,18.9500,19.0200,17.4000,18.3500,18.3500,140600,0.0000
2002-06-28,16.5000,19.3000,16.1300,18.7000,18.7000,518900,0.0000
2002-06-21,17.2000,18.1000,15.1400,16.2800,16.2800,423300,0.0000
2002-06-14,14.8300,17.4500,14.6800,17.1000,17.1000,358200,0.0000
2002-06-07,16.9000,17.0000,13.9000,14.8600,14.8600,140000,0.0000
2002-05-31,12.7500,16.5000,12.5000,15.7500,15.7500,159400,0.0000
2002-05-24,14.9500,15.0000,12.0300,12.5500,12.5500,140200,0.0000
2002-05-17,15.0200,16.4900,14.5000,14.7000,14.7000,477300,0.0000
2002-05-10,15.6700,17.0900,15.0000,15.0000,15.0000,154200,0.0000
2002-05-03,13.5500,16.6900,13.5000,15.7000,15.7000,125600,0.0000
2002-04-26,13.4000,13.7500,12.1000,13.6000,13.6000,139900,0.0000
2002-04-19,13.5000,14.3000,12.2000,13.5000,13.5000,266300,0.0000
2002-04-12,11.8000,13.4900,11.2000,13.4900,13.4900,211000,0.0000
2002-04-05,9.9900,11.8500,9.8500,11.7000,11.7000,151900,0.0000
2002-03-28,9.7500,9.8500,9.6500,9.8500,9.8500,27400,0.0000
2002-03-22,10.4800,10.4800,9.8500,9.8500,9.8500,15200,0.0000
2002-03-15,10.5000,11.4000,10.4500,10.4700,10.4700,82400,0.0000
2002-03-08,8.6900,10.4000,8.6800,10.4000,10.4000,87600,0.0000
2002-03-01,8.5000,8.6900,8.4500,8.6900,8.6900,34100,0.0000
2002-02-22,8.6000,8.6500,8.3100,8.5500,8.5500,17100,0.0000
2002-02-15,7.9000,8.7000,7.8000,8.6900,8.6900,26200,0.0000
2002-02-08,7.6000,8.1000,7.5800,7.9000,7.9000,60600,0.0000
2002-02-01,7.7000,7.8000,7.5100,7.6500,7.6500,77400,0.0000
2002-01-25,8.1800,8.2500,7.8000,7.8000,7.8000,41400,0.0000
2002-01-18,8.8000,8.9200,7.9600,8.2000,8.2000,22600,0.0000
2002-01-11,9.6700,9.7000,8.9000,8.9000,8.9000,27800,0.0000
2002-01-04,8.6000,9.6500,8.5500,9.6500,9.6500,375200,0.0000
2001-12-28,6.6000,8.6000,6.5500,8.6000,8.6000,110900,0.0000
2001-12-21,6.4000,6.8500,6.0000,6.5500,6.5500,293500,0.0000
2001-12-14,6.2900,6.4500,5.4000,6.4200,6.4200,91200,0.0000
2001-12-07,6.7000,6.7000,6.0900,6.2500,6.2500,53300,0.0000
2001-11-30,6.5000,6.8000,6.2500,6.5400,6.5400,150400,0.0000
2001-11-23,6.4500,6.6000,6.4400,6.5000,6.5000,151900,0.0000
2001-11-16,6.3000,6.5500,6.2500,6.4000,6.4000,101500,0.0000
2001-11-09,6.0000,6.4500,5.9000,6.2900,6.2900,81200,0.0000
2001-11-02,7.2300,7.2300,6.0000,6.0000,6.0000,35000,0.0000
2001-10-26,7.7000,7.7000,7.1100,7.1300,7.1300,78100,0.0000
2001-10-19,8.0000,8.0500,7.5550,7.7000,7.7000,153800,0.0000
2001-10-12,8.0000,8.0400,7.8000,8.0000,8.0000,48400,0.0000
2001-10-05,7.0000,7.9500,7.0000,7.8000,7.8000,35500,0.0000
2001-09-28,8.2400,8.5000,7.0000,7.0000,7.0000,804400,0.0000
2001-09-21,8.5500,8.7500,8.1000,8.1900,8.1900,160600,0.0000
2001-09-10,8.6000,8.6500,8.4500,8.6500,8.6500,28300,0.0000
2001-09-07,8.8500,8.8500,8.5000,8.5600,8.5600,41700,0.0000
2001-08-31,9.3000,9.3000,8.8000,8.8500,8.8500,41600,0.0000
2001-08-24,9.1500,9.4000,9.0000,9.2500,9.2500,38700,0.0000
2001-08-17,9.1400,9.7000,9.0600,9.1500,9.1500,37900,0.0000
2001-08-10,9.2000,9.4000,8.2500,9.1500,9.1500,152500,0.0000
2001-08-03,8.7500,9.3000,8.6000,9.2500,9.2500,96100,0.0000
2001-07-27,8.6600,8.8500,8.1000,8.8500,8.8500,80800,0.0000
2001-07-20,9.5000,9.6500,8.3500,8.6100,8.6100,177400,0.0000
2001-07-13,10.2000,10.8000,9.0000,9.4000,9.4000,112300,0.0000
2001-07-06,10.6500,11.6000,10.2000,10.2000,10.2000,111500,0.0000
2001-06-29,10.9700,12.0000,10.4500,10.7500,10.7500,240100,0.0000
2001-06-22,10.8500,10.9500,10.2000,10.8000,10.8000,141800,0.0000
2001-06-15,9.4000,11.0000,9.4000,10.9000,10.9000,190700,0.0000
2001-06-08,9.4000,9.6500,9.4000,9.5000,9.5000,42800,0.0000
2001-06-01,8.9900,9.7500,8.9700,9.4500,9.4500,149200,0.0000
2001-05-25,8.6900,9.1000,8.6300,8.9200,8.9200,63500,0.0000
2001-05-18,8.6500,8.7400,7.5000,8.6000,8.6000,227600,0.0000
2001-05-11,8.5000,8.7500,8.3000,8.6800,8.6800,90500,0.0000
2001-05-04,7.5100,8.7500,7.5000,8.5000,8.5000,81200,0.0000
2001-04-27,7.4400,7.5000,6.9000,7.5000,7.5000,49100,0.0000
2001-04-20,7.0250,8.0000,6.8500,7.5000,7.5000,74300,0.0000
2001-04-12,7.0000,7.3500,6.7500,7.0200,7.0200,103000,0.0000
2001-04-06,7.3400,7.3400,6.9000,7.0000,7.0000,40000,0.0000
2001-03-30,8.0000,8.0500,7.3000,7.3500,7.3500,54900,0.0000
2001-03-23,8.0500,8.2500,7.7500,8.0000,8.0000,56800,0.0000
2001-03-16,7.8500,8.2500,7.4600,8.1500,8.1500,62100,0.0000
2001-03-09,7.4500,8.0000,7.3000,7.9000,7.9000,40800,0.0000
2001-03-02,8.0200,8.0900,7.1500,7.4200,7.4200,47700,0.0000
2001-02-23,8.8000,8.8000,7.2500,8.0900,8.0900,262500,0.0000
2001-02-16,6.6500,9.1500,6.6500,8.9000,8.9000,63600,0.0000
2001-02-09,7.0700,7.1000,6.5500,6.5600,6.5600,36800,0.0000
2001-02-02,6.7600,7.5500,6.6000,7.1700,7.1700,68900,0.0000
2001-01-26,5.5000,6.9380,5.3750,6.8750,6.8750,82700,0.0000
2001-01-19,5.5000,5.5000,4.7500,5.4380,5.4380,150900,0.0000
2001-01-12,6.6250,6.6250,5.0000,5.5000,5.5000,107900,0.0000
2001-01-05,6.7500,6.7500,6.1880,6.5000,6.5000,99800,0.0000
2000-12-29,6.5000,7.1880,6.0000,6.7500,6.7500,139000,0.0000
2000-12-22,8.2500,8.2500,6.0000,6.5000,6.5000,189800,0.0000
2000-12-15,8.7500,8.8750,7.1880,8.1250,8.1250,84200,0.0000
2000-12-08,8.8130,9.1250,8.1880,8.7500,8.7500,52500,0.0000
2000-12-01,8.7500,8.8750,8.0000,8.8130,8.8130,86300,0.0000
2000-11-24,9.0000,9.0000,8.5000,8.7500,8.7500,12300,0.0000
2000-11-17,8.8130,9.4380,8.7500,9.0000,9.0000,145300,0.0000
2000-11-10,9.2500,9.2500,8.3130,8.9380,8.9380,68700,0.0000
2000-11-03,9.7500,9.8750,9.2500,9.3750,9.3750,90800,0.0000
2000-10-27,9.7500,10.0000,9.3750,9.6880,9.6880,29500,0.0000
2000-10-20,9.7500,10.1900,9.3130,9.9380,9.9380,49800,0.0000
2000-10-13,9.2500,10.0000,9.1250,9.9380,9.9380,98100,0.0000
2000-10-06,9.5000,9.8130,9.0630,9.3750,9.3750,107600,0.0000
2000-09-29,10.3100,10.5000,9.5000,9.6250,9.6250,48100,0.0000
2000-09-22,10.6300,10.7500,10.1900,10.2500,10.2500,25700,0.0000
2000-09-15,11.0000,11.1300,10.6300,10.7500,10.7500,27300,0.0000
2000-09-08,11.0000,11.1900,10.7500,11.0600,11.0600,57300,0.0000
2000-09-01,10.5000,11.0000,9.5630,11.0000,11.0000,70300,0.0000
2000-08-25,11.3800,11.3800,10.1900,10.3100,10.3100,50100,0.0000
2000-08-18,9.0630,11.5000,9.0630,11.3100,11.3100,303600,0.0000
2000-08-11,8.6250,9.1250,8.5000,9.0630,9.0630,76100,0.0000
2000-08-04,7.8750,10.1900,7.8130,8.7500,8.7500,165500,0.0000
2000-07-28,7.9380,8.1250,7.6250,7.8130,7.8130,209700,0.0000
2000-07-21,7.6880,8.1250,7.6250,7.9380,7.9380,50800,0.0000
2000-07-14,8.3750,8.3750,7.5000,7.7500,7.7500,124900,0.0000
2000-07-07,8.7500,8.8130,8.2500,8.4380,8.4380,59500,0.0000
2000-06-30,10.2500,10.6900,8.6880,8.7500,8.7500,215000,0.0000
2000-06-23,11.6300,11.6300,10.1900,10.3800,10.3800,47800,0.0000
2000-06-16,11.7500,11.9400,10.8800,11.5000,11.5000,347100,0.0000
2000-06-09,11.6300,11.8800,11.4400,11.8800,11.8800,32400,0.0000
2000-06-02,11.1300,11.7500,10.8800,11.6300,11.6300,42900,0.0000
2000-05-26,11.2500,11.5000,10.8100,11.1300,11.1300,30200,0.0000
2000-05-19,12.6300,12.6300,10.8800,11.1300,11.1300,252900,0.0000
2000-05-12,11.5000,12.6300,11.2500,12.6300,12.6300,44200,0.0000
2000-05-05,13.1300,13.2500,10.8800,11.3800,11.3800,729700,0.0000
2000-04-28,13.6900,14.1300,12.5000,13.1900,13.1900,170500,0.0000
2000-04-20,13.2500,13.7500,13.0600,13.6900,13.6900,94100,0.0000
2000-04-14,13.2500,13.7500,12.6300,13.7500,13.7500,87900,0.0000
2000-04-07,11.5000,13.3800,9.7500,13.3800,13.3800,159400,0.0000
2000-03-31,11.3800,12.6300,11.0000,12.0000,12.0000,144900,0.0000
2000-03-24,11.2500,11.2500,9.7500,11.1300,11.1300,96800,0.0000
2000-03-17,9.7500,11.8800,9.7500,11.5000,11.5000,112500,0.0000
2000-03-10,10.9400,11.8800,9.2500,9.2500,9.2500,157200,0.0000
2000-03-03,10.3800,11.0600,10.1900,11.0000,11.0000,78800,0.0000
2000-02-25,9.8750,10.5000,9.3750,10.3800,10.3800,148400,0.0000
2000-02-18,10.1300,10.3100,9.6250,9.8750,9.8750,126600,0.0000
2000-02-11,11.0000,11.0000,9.5000,10.0600,10.0600,189400,0.0000
2000-02-04,13.0600,13.0600,11.1300,11.1300,11.1300,139400,0.0000
2000-01-28,13.0600,13.5000,12.4400,12.9400,12.9400,102700,0.0000
2000-01-21,12.8800,13.6900,12.8100,13.0600,13.0600,61200,0.0000
2000-01-14,15.2500,15.4400,12.7500,12.9400,12.9400,140000,0.0000
2000-01-07,15.4400,16.4400,14.3800,15.1300,15.1300,90000,0.0000
1999-12-31,15.8800,16.3800,14.5600,15.4400,15.4400,52300,0.0000
1999-12-23,14.6300,16.2500,14.6300,16.0000,16.0000,45100,0.0000
1999-12-17,13.2500,13.8100,13.1300,13.8100,13.8100,105900,0.0000
1999-12-10,13.2500,13.8800,13.1300,13.2500,13.2500,37100,0.0000
1999-12-03,13.2500,13.6300,12.0000,13.1300,13.1300,163400,0.0000
1999-11-26,14.5000,14.5000,13.0000,13.2500,13.2500,40000,0.0000
1999-11-19,14.0000,14.6900,13.7500,14.6300,14.6300,107700,0.0000
1999-11-12,15.0000,15.1900,13.7500,13.8800,13.8800,31100,0.0000
1999-11-05,15.5000,15.7500,14.8100,15.0600,15.0600,25700,0.0000
1999-10-29,14.0000,15.6300,13.8800,15.5000,15.5000,72700,0.0000
1999-10-22,15.3800,15.7500,14.0000,14.0000,14.0000,112500,0.0000
1999-10-15,16.1900,16.1900,15.3800,15.3800,15.3800,42000,0.0000
1999-10-08,16.6900,17.0000,16.2500,16.2500,16.2500,47500,0.0000
1999-10-01,17.3100,17.6300,16.7500,16.9400,16.9400,93200,0.0000
1999-09-24,17.8100,18.0600,17.3800,17.4400,17.4400,118300,0.0000
1999-09-17,18.8100,18.8100,17.5000,17.9400,17.9400,106700,0.0000
1999-09-10,18.0600,18.9400,18.0000,18.7500,18.7500,165200,0.0000
1999-09-03,18.1300,19.5000,16.6300,18.0600,18.0600,246000,0.0000
1999-08-27,16.3100,17.9400,15.8800,17.8800,17.8800,83500,0.0000
1999-08-20,17.1300,17.2500,16.2500,16.4400,16.4400,95600,0.0000
1999-08-13,17.1300,17.6300,16.5600,17.3800,17.3800,104300,0.0000
1999-08-06,16.6300,17.2500,16.1300,17.2500,17.2500,165800,0.0000
1999-07-30,15.0600,16.6300,15.0600,16.6300,16.6300,314800,0.0000
1999-07-23,14.8800,15.2500,14.0600,14.9400,14.9400,117100,0.0000
1999-07-16,15.5000,15.8800,13.6300,14.8100,14.8100,247000,0.0000
1999-07-09,15.3800,16.0000,15.0000,15.3100,15.3100,96000,0.0000
1999-07-02,14.6900,15.5000,13.5000,15.3800,15.3800,154400,0.0000
1999-06-25,14.5000,14.7500,14.1300,14.5600,14.5600,84200,0.0000
1999-06-18,14.6900,14.9400,14.5000,14.7500,14.7500,82900,0.0000
1999-06-11,15.5000,15.6300,14.5000,14.6900,14.6900,91600,0.0000
1999-06-04,14.3800,15.3800,14.3800,15.3800,15.3800,88300,0.0000
1999-05-28,15.2500,15.2500,14.3100,14.3100,14.3100,177600,0.0000
1999-05-21,15.3100,15.3100,14.3800,15.2500,15.2500,45300,0.0000
1999-05-14,15.7500,16.0600,15.0000,15.3100,15.3100,60900,0.0000
1999-05-07,16.5000,16.5000,15.7500,15.8800,15.8800,78700,0.0000
1999-04-30,16.8800,17.7500,15.7500,16.7500,16.7500,99400,0.0000
1999-04-23,16.0000,17.0000,15.6300,16.8100,16.8100,331500,0.0000
1999-04-16,13.8800,16.0000,13.2500,15.9400,15.9400,314300,0.0000
1999-04-09,13.9400,14.0000,13.5000,13.9400,13.9400,69300,0.0000
1999-04-01,13.8100,14.0000,13.8100,13.8800,13.8800,138900,0.0000
1999-03-26,13.4400,14.0000,13.0000,13.7500,13.7500,228100,0.0000
1999-03-19,16.6900,16.6900,12.9400,12.9400,12.9400,185500,0.0000
1999-03-12,17.3800,17.5000,16.5000,16.7500,16.7500,138700,0.0000
1999-03-05,16.8100,17.7500,16.0000,17.5000,17.5000,143300,0.0000
1999-02-26,16.9400,17.0000,16.5600,16.9400,16.9400,41800,0.0000
1999-02-19,16.6300,17.2500,16.5000,16.8800,16.8800,280500,0.0000
1999-02-12,17.8800,17.8800,15.6900,16.3800,16.3800,143900,0.0000
1999-02-05,18.1300,18.5000,17.5600,17.9400,17.9400,341300,0.0000
1999-01-29,19.7500,19.7500,17.9400,18.2500,18.2500,116800,0.0000
1999-01-22,20.5600,20.6300,19.5000,19.6300,19.6300,28300,0.0000
1999-01-15,21.6300,21.6300,20.2500,20.4400,20.4400,72900,0.0000
1999-01-08,22.8800,22.8800,21.2500,21.5600,21.5600,693000,0.0000
1998-12-31,21.2500,22.8800,20.5600,22.7500,22.7500,76600,0.0000
1998-12-24,20.7500,21.5000,20.7500,21.2500,21.2500,178800,0.0000
1998-12-18,20.3800,21.8800,20.1300,20.8800,20.8800,125200,0.0000
1998-12-11,17.9400,20.6900,17.6300,20.3800,20.3800,441800,0.0000
1998-12-04,18.3100,18.3100,17.0000,17.9400,17.9400,61100,0.0000
1998-11-27,17.9400,18.6900,17.2500,18.3800,18.3800,37700,0.0000
1998-11-20,16.0000,18.2500,15.5000,18.0000,18.0000,214000,0.0000
1998-11-13,15.8800,16.2500,15.8800,16.0000,16.0000,236700,0.0000
1998-11-06,14.9400,16.3800,14.9400,15.9400,15.9400,649900,0.0000
1998-10-30,15.2500,15.2500,14.6300,14.9400,14.9400,78400,0.0000
1998-10-23,14.8800,15.7500,14.4400,15.1900,15.1900,144600,0.0000
1998-10-16,14.4400,15.2500,13.8800,15.0000,15.0000,75000,0.0000
1998-10-09,15.7500,15.9400,14.1900,14.3100,14.3100,42000,0.0000
1998-10-02,16.0000,16.3800,15.3800,15.6300,15.6300,36800,0.0000
1998-09-25,15.0000,16.0000,14.9400,16.0000,16.0000,79600,0.0000
1998-09-18,14.7500,15.6300,14.6300,15.1900,15.1900,100800,0.0000
1998-09-11,17.3800,17.5000,14.7500,14.7500,14.7500,98600,0.0000
1998-09-04,18.0600,18.3100,17.1300,17.1300,17.1300,250200,0.0000
1998-08-28,20.0000,20.1900,18.2500,18.2500,18.2500,67400,0.0000
1998-08-21,20.4400,20.5600,20.0000,20.0000,20.0000,220200,0.0000
1998-08-14,20.6900,21.0000,19.8800,20.6900,20.6900,49300,0.0000
1998-08-07,21.6300,21.8800,20.5000,20.8800,20.8800,286700,0.0000
1998-07-31,21.6900,21.8800,21.5000,21.8800,21.8800,56700,0.0000
1998-07-24,21.3800,21.8800,21.0000,21.7500,21.7500,91500,0.0000
1998-07-17,20.3800,21.7500,20.1300,21.2500,21.2500,57400,0.0000
1998-07-10,19.9400,20.2500,19.9400,20.1300,20.1300,164400,0.0000
1998-07-02,19.5000,19.8800,18.2500,19.6900,19.6900,196200,0.0000
1998-06-26,21.6900,21.6900,19.2500,19.6300,19.6300,91400,0.0000
1998-06-19,21.7500,22.0000,21.1300,21.7500,21.7500,74400,0.0000
1998-06-12,22.1300,22.1900,21.6900,21.8800,21.8800,85600,0.0000
1998-06-05,22.4400,22.5000,21.8100,22.1300,22.1300,94800,0.0000
1998-05-29,21.8100,22.2500,21.3100,22.2500,22.2500,80900,0.0000
1998-05-22,22.0600,22.1300,21.6300,22.0000,22.0000,67700,0.0000
1998-05-15,22.5000,22.5600,22.0000,22.1300,22.1300,67100,0.0000
1998-05-08,21.2500,22.5000,21.0000,22.5000,22.5000,49400,0.0000
1998-05-01,22.8800,22.8800,20.3100,21.2500,21.2500,119200,0.0000
1998-04-24,21.8100,23.0600,21.6900,23.0000,23.0000,109600,0.0000
1998-04-17,20.9400,21.7500,20.6300,21.7500,21.7500,148900,0.0000
1998-04-09,20.2500,21.0000,20.1300,21.0000,21.0000,84000,0.0000
1998-04-03,19.3100,20.1900,19.3100,20.1900,20.1900,69700,0.0000
1998-03-27,19.3800,19.5000,18.8800,19.4400,19.4400,71200,0.0000
1998-03-20,18.8800,19.8800,18.8800,19.3800,19.3800,94200,0.0000
1998-03-13,18.3100,19.0000,18.0600,18.8800,18.8800,87600,0.0000
1998-03-06,17.7500,18.2500,17.5000,18.0600,18.0600,324300,0.0000
1998-02-27,17.8800,18.0000,17.3800,17.8800,17.8800,120700,0.0000
1998-02-20,16.3800,17.8800,16.1900,17.7500,17.7500,127400,0.0000
1998-02-13,16.0600,16.5000,15.3800,16.3100,16.3100,99500,0.0000
1998-02-06,15.1300,17.0000,15.0000,16.2500,16.2500,67100,0.0000
1998-01-30,15.7500,15.7500,14.8800,15.0000,15.0000,133200,0.0000
1998-01-23,16.2500,16.2500,15.2500,15.6300,15.6300,101800,0.0000
1998-01-16,15.7500,16.4400,15.7500,16.1300,16.1300,83100,0.0000
1998-01-09,16.9400,17.5000,15.7500,15.8800,15.8800,58700,0.0000
